id,name,address,district,size,rooms,beds,max_guests,facilities,surroundings,rating,reviews_count,current_price,tags,style,type,owner_id,created_at
1,古城商务套房,灞桥区田洪路136号首创国际城25栋6单元1260室,灞桥区,53.42,4,7,13,"洗衣机,WiFi,热水器,停车位,电梯,冰箱,浴巾毛巾,洗漱用品,吹风机,拖鞋,保安,监控,灭火器,智能门锁","地铁站,餐厅,美食街,超市,便利店,公园,博物馆",3.9,58,510.46,"亲子游玩,安静舒适,商务出差",北欧风,商务套房,4,2025-04-06 14:28:25.984088
2,西安温馨家庭房,碑林区长安路183号华润万象城14栋1单元351室,碑林区,135.18,2,2,3,"洗衣机,电梯,微波炉,热水器,24小时热水,浴巾毛巾,拖鞋,独立卫浴,吹风机,洗漱用品,保安,急救包,智能门锁,监控","高铁站,机场,地铁站,公交站,美食街,餐厅,商场,超市,南院门,西安城墙",4.3,34,818.7,"聚会派对,经济实惠,度假休闲",北欧风,温馨家庭房,6,2025-04-06 14:28:25.984093
3,灞桥区中式古典居,灞桥区田洪路102号,灞桥区,56.92,2,2,4,"电梯,电视,洗衣机,空调,微波炉,电热水壶,咖啡机,厨房,浴巾毛巾,吹风机,24小时热水,拖鞋,洗漱用品,监控,保安,灭火器","机场,公交站,高铁站,地铁站,餐厅,夜市,博物馆,电影院",4.3,39,279.06,"特色花园,经济实惠,长租优惠",中式古典,商务套房,1,2025-04-06 14:28:25.984094
4,古城度假别墅,未央区渭滨路94号盛龙广场16栋6单元2169室,未央区,36.94,1,2,2,"电视,冰箱,洗衣机,WiFi,热水器,电梯,微波炉,空调,停车位,厨房,电磁炉,电热水壶,餐具,烤箱,咖啡机,24小时热水,拖鞋,浴巾毛巾,洗漱用品,独立卫浴,保安,灭火器,监控,智能门锁,急救包","机场,公交站,咖啡厅,超市,便利店,医院,药店,汉长安城遗址,电影院,景点",4.1,89,431.98,"家庭出游,情侣首选,临近地铁",地中海风,度假别墅,6,2025-04-06 14:28:25.984096
5,大唐新中式客栈,灞桥区十里铺98号龙湖小区8栋3单元1363室,灞桥区,90.0,2,4,7,"电梯,停车位,空调,冰箱,拖鞋,独立卫浴,24小时热水,吹风机,洗漱用品,浴巾毛巾,急救包","公交站,机场,高铁站,小吃街,夜市,银行,警察局,景点,西安纺织城,灞河",3.6,77,194.38,"亲子游玩,情侣首选,聚会派对",新中式,现代公寓,10,2025-04-06 14:28:25.984098
6,整套公寓·丝路之家,未央区渭滨路108号融创城5栋1单元618室,未央区,86.03,4,4,4,"热水器,电梯,电视,微波炉,WiFi,空调,电热水壶,电磁炉,烤箱,餐具,拖鞋,独立卫浴,洗漱用品,24小时热水,吹风机,浴巾毛巾,桌游,急救包","地铁站,机场,高铁站,咖啡厅,商场,药店,医院,健身房",4.7,28,826.45,"聚会派对,家庭出游,情侣首选",复古怀旧,整套公寓,4,2025-04-06 14:28:25.984099
7,大唐新中式民宿,长安区太乙宫163号碧桂园5栋3单元1728室,长安区,44.36,4,5,7,"停车位,电梯,洗衣机,空调,热水器,电视,微波炉,WiFi,冰箱,浴巾毛巾,拖鞋,洗漱用品,独立卫浴,麻将机,图书,急救包,灭火器,智能门锁","高铁站,公交站,机场,餐厅,夜市,超市,警察局,公园",4.1,43,467.25,"临近地铁,度假休闲,拍照打卡",新中式,花园洋房,7,2025-04-06 14:28:25.984101
8,古城工业风公寓,莲湖区西关正街25号恒大城9栋5单元406室,莲湖区,135.04,3,3,6,"洗衣机,空调,停车位,WiFi,热水器,冰箱,电梯,微波炉,电视,餐具,电热水壶,烤箱,厨房,浴巾毛巾,24小时热水,吹风机,洗漱用品,拖鞋,游戏机,图书,保安,灭火器","高铁站,地铁站,机场,餐厅,夜市,西安城墙,莲湖公园",4.2,21,953.81,"新房特惠,长租优惠,聚会派对",工业风,古风客栈,10,2025-04-06 14:28:25.984103
9,长安花园洋房,新城区解放路51号曲江公馆28栋3单元1769室,新城区,35.23,3,3,3,"电梯,空调,冰箱,停车位,电视,微波炉,WiFi,热水器,洗衣机,24小时热水,浴巾毛巾,吹风机,拖鞋,独立卫浴,洗漱用品,保安,急救包,监控,灭火器","机场,高铁站,公交站,地铁站,餐厅,超市,便利店,新城广场",4.4,92,790.52,"近景点,长租优惠,聚会派对",中式古典,花园洋房,6,2025-04-06 14:28:25.984104
10,西安北欧风居,灞桥区灞桥路65号,灞桥区,135.47,3,4,8,"WiFi,电视,洗衣机,空调,热水器,冰箱,停车位,微波炉,电梯,拖鞋,独立卫浴,洗漱用品,桌游,智能门锁,急救包,监控","地铁站,机场,高铁站,公交站,美食街,咖啡厅,超市,药店,医院,景点,西安世博园",4.1,89,317.67,"情侣首选,商务出差,拍照打卡",北欧风,复式loft,2,2025-04-06 14:28:25.984106
11,长安轻奢风民宿,高新区科技二路6号恒大城20栋3单元1834室,高新区,86.4,4,5,7,"微波炉,热水器,洗衣机,WiFi,冰箱,空调,电梯,停车位,餐具,厨房,24小时热水,浴巾毛巾,洗漱用品,独立卫浴,游戏机,图书,监控,灭火器,急救包,智能门锁","公交站,机场,餐厅,美食街,商场,夜市,高新软件园",4.3,61,672.26,"近景点,临近地铁,经济实惠",轻奢风,古风客栈,6,2025-04-06 14:28:25.984107
12,碑林区复式loft,碑林区南院门16号,碑林区,110.72,2,4,4,"空调,停车位,洗衣机,微波炉,WiFi,电视,冰箱,热水器,电梯,独立卫浴,浴巾毛巾,吹风机,拖鞋,洗漱用品,24小时热水,保安,急救包,监控,灭火器","地铁站,公交站,小吃街,夜市,鼓楼,大唐不夜城,健身房",4.1,7,522.01,"度假休闲,商务出差,长租优惠",复古怀旧,复式loft,7,2025-04-06 14:28:25.984110
13,丝路新中式舍,未央区辛王路47号,未央区,99.43,3,4,5,"微波炉,冰箱,电视,热水器,洗衣机,电磁炉,烤箱,厨房,餐具,吹风机,24小时热水,独立卫浴,洗漱用品,拖鞋,浴巾毛巾,灭火器,急救包,智能门锁,监控,保安","地铁站,公交站,高铁站,机场,咖啡厅,商场,夜市,医院,药店,公园,健身房,大明宫遗址",4.0,14,377.52,"近景点,安静舒适,经济实惠",新中式,特色民居,4,2025-04-06 14:28:25.984112
14,莲湖区复式loft,莲湖区西关正街125号盛龙广场16栋5单元105室,莲湖区,45.74,4,7,8,"洗衣机,冰箱,电视,微波炉,空调,停车位,24小时热水,拖鞋,浴巾毛巾,吹风机,独立卫浴,图书,保安","高铁站,机场,咖啡厅,餐厅,便利店,警察局,公园,西安北站,电影院",4.7,99,457.11,"商务出差,临近地铁,安静舒适",复古怀旧,复式loft,5,2025-04-06 14:28:25.984113
15,大唐复古怀旧之家,高新区高新一路192号紫薇花园12栋3单元268室,高新区,109.13,4,7,12,"WiFi,热水器,停车位,微波炉,冰箱,电视,电梯,洗衣机,空调,吹风机,洗漱用品,浴巾毛巾,独立卫浴,24小时热水,智能门锁,急救包,保安","公交站,地铁站,机场,高铁站,餐厅,夜市,丝路风情街,景点",4.0,83,405.89,"家庭出游,新房特惠,经济实惠",复古怀旧,温馨家庭房,9,2025-04-06 14:28:25.984115
16,长安古风客栈,灞桥区灞河西路21号碧桂园15栋3单元1919室,灞桥区,99.22,4,6,7,"电视,洗衣机,WiFi,冰箱,餐具,烤箱,电磁炉,咖啡机,电热水壶,厨房,洗漱用品,24小时热水,吹风机,拖鞋,灭火器","地铁站,美食街,咖啡厅,夜市,便利店,银行,警察局,西安纺织城,景点",4.6,86,552.9,"安静舒适,长租优惠,拍照打卡",新中式,古风客栈,6,2025-04-06 14:28:25.984116
17,温馨家庭房·古城居,灞桥区纺东街116号恒大城12栋4单元1783室,灞桥区,122.67,2,2,2,"停车位,洗衣机,空调,热水器,电视,WiFi,冰箱,电梯,厨房,烤箱,电磁炉,洗漱用品,独立卫浴,浴巾毛巾,吹风机,拖鞋,24小时热水,游戏机,图书,保安,智能门锁,监控","机场,地铁站,公交站,高铁站,小吃街,便利店,夜市,浐灞生态区,健身房,西安纺织城",4.0,29,599.65,"长租优惠,亲子游玩,高端品质",地中海风,温馨家庭房,7,2025-04-06 14:28:25.984118
18,丝路温馨家庭房,莲湖区北关正街127号高新水晶城11栋6单元1857室,莲湖区,30.27,2,4,5,"洗衣机,电梯,空调,WiFi,烤箱,餐具,电热水壶,电磁炉,厨房,咖啡机,拖鞋,浴巾毛巾,24小时热水,独立卫浴,吹风机,洗漱用品,保安,灭火器,智能门锁,急救包","公交站,地铁站,小吃街,便利店,商场,景点,电影院",4.4,67,810.91,"新房特惠,聚会派对,度假休闲",工业风,温馨家庭房,9,2025-04-06 14:28:25.984119
19,西安整套公寓,雁塔区长安路51号万科城市花园2栋1单元1303室,雁塔区,118.35,3,5,9,"微波炉,热水器,停车位,电梯,冰箱,洗衣机,电磁炉,电热水壶,咖啡机,烤箱,厨房,餐具,洗漱用品,24小时热水,浴巾毛巾,急救包,保安,智能门锁","公交站,机场,餐厅,美食街,夜市,药店,景点,大雁塔",4.4,57,577.8,"特色花园,新房特惠,亲子游玩",轻奢风,整套公寓,7,2025-04-06 14:28:25.984121
20,大唐温馨家庭房,未央区北二环135号碧桂园10栋6单元1968室,未央区,76.5,4,8,15,"冰箱,微波炉,电视,WiFi,空调,洗衣机,电磁炉,厨房,电热水壶,餐具,吹风机,独立卫浴,拖鞋,浴巾毛巾,24小时热水,洗漱用品,监控,保安,急救包,智能门锁,灭火器","地铁站,机场,小吃街,夜市,超市,汉长安城遗址,健身房",4.4,28,730.32,"拍照打卡,度假休闲,高端品质",中式古典,温馨家庭房,1,2025-04-06 14:28:25.984122
21,西安工业风客栈,碑林区柏树林54号华润万象城20栋1单元241室,碑林区,30.28,4,4,8,"停车位,微波炉,电视,冰箱,热水器,餐具,厨房,电热水壶,独立卫浴,浴巾毛巾,24小时热水,拖鞋,图书,智能门锁","机场,高铁站,咖啡厅,便利店,夜市,健身房",4.7,22,657.42,"经济实惠,度假休闲,聚会派对",工业风,复式loft,3,2025-04-06 14:28:25.984124
22,精品单间·大唐小屋,长安区神禾原105号首创国际城18栋3单元1113室,长安区,84.44,3,5,10,"热水器,WiFi,冰箱,微波炉,空调,洗衣机,电视,电梯,电磁炉,咖啡机,烤箱,电热水壶,餐具,浴巾毛巾,24小时热水,洗漱用品,游戏机,图书,监控,急救包,保安","高铁站,美食街,商场,医院,银行,骊山",4.7,56,601.57,"近景点,经济实惠,新房特惠",北欧风,精品单间,6,2025-04-06 14:28:25.984125
23,现代公寓·丝路小屋,雁塔区高新路23号曲江公馆23栋1单元1355室,雁塔区,51.48,3,6,8,"电梯,停车位,WiFi,冰箱,空调,洗漱用品,24小时热水,拖鞋,浴巾毛巾,吹风机,独立卫浴,麻将机,游戏机,保安,急救包,智能门锁,灭火器,监控","机场,地铁站,高铁站,小吃街,商场,超市,药店,曲江池遗址公园,西安电子科技大学,博物馆",4.8,85,636.1,"亲子游玩,新房特惠,商务出差",轻奢风,现代公寓,9,2025-04-06 14:28:25.984127
24,新城区温馨家庭房,新城区解放路146号,新城区,101.37,2,4,6,"WiFi,空调,停车位,电梯,餐具,电磁炉,咖啡机,吹风机,独立卫浴,洗漱用品,拖鞋,浴巾毛巾,24小时热水,麻将机,灭火器,急救包,保安","机场,公交站,高铁站,地铁站,餐厅,咖啡厅,便利店,博物馆",4.0,48,621.38,"临近地铁,情侣首选,聚会派对",地中海风,温馨家庭房,5,2025-04-06 14:28:25.984129
25,灞桥区商务套房,灞桥区十里铺8号万科城市花园24栋4单元2565室,灞桥区,142.3,1,1,1,"冰箱,空调,停车位,微波炉,电梯,热水器,洗衣机,电磁炉,厨房,咖啡机,餐具,电热水壶,烤箱,吹风机,拖鞋,独立卫浴,洗漱用品,24小时热水,保安,监控,智能门锁,灭火器,急救包","高铁站,机场,地铁站,美食街,咖啡厅,夜市,便利店,西安世博园,健身房",0.0,0,479.11,"临近地铁,情侣首选,安静舒适",地中海风,商务套房,9,2025-04-06 14:28:25.984130
26,长安整套公寓,未央区辛王路194号融创城19栋1单元1887室,未央区,88.73,3,6,8,"空调,热水器,电视,停车位,WiFi,咖啡机,餐具,独立卫浴,拖鞋,浴巾毛巾,24小时热水,吹风机,监控","地铁站,咖啡厅,商场,超市,西安北客站,健身房",4.7,88,718.59,"安静舒适,聚会派对,情侣首选",新中式,整套公寓,7,2025-04-06 14:28:25.984132
27,丝路精品单间,莲湖区枣园路165号高新水晶城5栋5单元305室,莲湖区,131.51,4,4,7,"电梯,微波炉,停车位,冰箱,洗衣机,空调,电视,热水器,WiFi,咖啡机,烤箱,餐具,电热水壶,厨房,电磁炉,拖鞋,洗漱用品,独立卫浴,吹风机,浴巾毛巾,24小时热水,灭火器,急救包","公交站,地铁站,美食街,餐厅,夜市,便利店,西安城墙",4.5,88,997.29,"高端品质,度假休闲,长租优惠",现代简约,精品单间,2,2025-04-06 14:28:25.984133
28,现代公寓·高新区民宿,高新区高新一路179号太阳城10栋5单元1254室,高新区,96.9,2,4,8,"电视,电梯,空调,停车位,热水器,WiFi,电热水壶,烤箱,餐具,电磁炉,厨房,咖啡机,洗漱用品,独立卫浴,浴巾毛巾,拖鞋,吹风机,游戏机,急救包,智能门锁,保安","地铁站,咖啡厅,小吃街,商场,丝路风情街",4.2,66,427.08,"聚会派对,安静舒适,近景点",复古怀旧,现代公寓,9,2025-04-06 14:28:25.984135
29,碑林区商务套房,碑林区友谊路72号紫薇花园18栋6单元2065室,碑林区,117.75,3,3,4,"洗衣机,微波炉,WiFi,热水器,停车位,电视,空调,冰箱,电梯,咖啡机,烤箱,电磁炉,拖鞋,吹风机,24小时热水,游戏机,保安,智能门锁,监控","公交站,地铁站,高铁站,机场,小吃街,夜市,便利店,药店,景点,公园",4.0,45,466.5,"临近地铁,家庭出游,情侣首选",北欧风,商务套房,6,2025-04-06 14:28:25.984136
30,大唐美式乡村民宿,莲湖区莲湖路150号盛龙广场5栋6单元1303室,莲湖区,96.83,1,1,2,"冰箱,停车位,热水器,WiFi,咖啡机,电磁炉,电热水壶,厨房,烤箱,拖鞋,洗漱用品,吹风机,独立卫浴,监控","机场,公交站,地铁站,餐厅,夜市,商场,药店,银行,景点",4.3,11,392.17,"长租优惠,近景点,家庭出游",美式乡村,精品单间,2,2025-04-06 14:28:25.984138
31,大唐复式loft,高新区沣惠路100号紫薇花园16栋4单元269室,高新区,122.93,4,7,8,"电视,空调,电梯,微波炉,洗衣机,热水器,电热水壶,烤箱,餐具,厨房,咖啡机,浴巾毛巾,吹风机,洗漱用品,拖鞋,独立卫浴,智能门锁,监控","地铁站,公交站,高铁站,餐厅,小吃街,便利店,商场,药店,高新软件园",4.6,4,517.46,"拍照打卡,近景点,安静舒适",地中海风,复式loft,1,2025-04-06 14:28:25.984139
32,商务套房·灞桥区公寓,灞桥区田洪路53号保利花园19栋4单元2452室,灞桥区,84.29,3,5,6,"冰箱,WiFi,电视,电梯,空调,吹风机,24小时热水,洗漱用品,独立卫浴,浴巾毛巾,急救包,保安,智能门锁,监控","公交站,机场,地铁站,高铁站,餐厅,夜市,警察局,灞河,公园",4.0,71,436.15,"亲子游玩,近景点,家庭出游",新中式,商务套房,6,2025-04-06 14:28:25.984141
33,丝路工业风小屋,长安区滦镇71号融创城6栋4单元364室,长安区,77.67,4,5,7,"热水器,WiFi,电梯,洗衣机,电热水壶,咖啡机,电磁炉,24小时热水,吹风机,浴巾毛巾,急救包","公交站,地铁站,高铁站,机场,美食街,咖啡厅,超市,便利店,西安电子科技大学长安校区,公园,健身房",4.4,42,490.65,"安静舒适,特色花园,临近地铁",工业风,整套公寓,8,2025-04-06 14:28:25.984142
34,温馨家庭房·西安之家,长安区引镇162号,长安区,41.95,1,2,4,"WiFi,洗衣机,电梯,停车位,热水器,洗漱用品,拖鞋,浴巾毛巾,吹风机,独立卫浴,监控,灭火器,急救包,保安","高铁站,机场,地铁站,小吃街,商场,夜市,景点,博物馆,西安电子科技大学长安校区",4.4,32,379.22,"高端品质,经济实惠,临近地铁",轻奢风,温馨家庭房,4,2025-04-06 14:28:25.984144
35,古城花园洋房,莲湖区枣园路116号曲江公馆23栋3单元1863室,莲湖区,47.05,4,6,10,"空调,WiFi,微波炉,电视,洗衣机,热水器,停车位,冰箱,电梯,独立卫浴,拖鞋,吹风机,浴巾毛巾,监控,灭火器,保安,急救包","高铁站,地铁站,公交站,美食街,夜市,商场,银行,西安城墙",4.0,57,382.72,"度假休闲,商务出差,特色花园",复古怀旧,花园洋房,4,2025-04-06 14:28:25.984145
36,灞桥区商务套房,灞桥区浐河东路65号万科城市花园11栋6单元767室,灞桥区,94.07,4,7,11,"冰箱,微波炉,空调,洗衣机,电视,电梯,咖啡机,24小时热水,独立卫浴,吹风机,拖鞋,急救包,保安","机场,地铁站,高铁站,公交站,餐厅,美食街,超市,西安纺织城",4.2,4,474.03,"情侣首选,聚会派对,安静舒适",新中式,商务套房,3,2025-04-06 14:28:25.984147
37,古风客栈·西安居,长安区大学城77号万科城市花园7栋1单元2020室,长安区,101.59,4,7,7,"电视,电梯,微波炉,洗衣机,冰箱,WiFi,空调,热水器,停车位,厨房,烤箱,24小时热水,拖鞋,吹风机,监控,智能门锁,保安,灭火器,急救包","地铁站,机场,公交站,小吃街,便利店,警察局,药店,西北大学长安校区",4.2,96,579.64,"度假休闲,聚会派对,拍照打卡",美式乡村,古风客栈,2,2025-04-06 14:28:25.984149
38,古城整套公寓,长安区韦曲125号,长安区,103.82,3,4,7,"冰箱,空调,热水器,微波炉,洗衣机,停车位,WiFi,洗漱用品,拖鞋,浴巾毛巾,吹风机,24小时热水,独立卫浴,智能门锁","公交站,高铁站,餐厅,超市,便利店,景点,博物馆",4.1,20,465.12,"拍照打卡,安静舒适,亲子游玩",工业风,整套公寓,3,2025-04-06 14:28:25.984150
39,大唐复式loft,灞桥区灞桥路112号恒大城6栋6单元798室,灞桥区,113.25,2,4,6,"WiFi,空调,停车位,冰箱,电视,拖鞋,24小时热水,洗漱用品,独立卫浴,吹风机,智能门锁,保安,监控","机场,公交站,高铁站,美食街,超市,夜市,博物馆,电影院",4.6,66,470.84,"安静舒适,高端品质,亲子游玩",地中海风,复式loft,2,2025-04-06 14:28:25.984152
40,长安现代简约舍,长安区引镇109号融创城18栋1单元611室,长安区,58.88,1,2,2,"WiFi,冰箱,洗衣机,热水器,电视,停车位,电梯,空调,厨房,电磁炉,吹风机,独立卫浴,洗漱用品,监控,灭火器,保安,智能门锁","机场,公交站,高铁站,地铁站,美食街,餐厅,夜市,西北大学长安校区,华清宫",4.5,76,343.76,"经济实惠,情侣首选,度假休闲",现代简约,度假别墅,5,2025-04-06 14:28:25.984153
41,古城整套公寓,碑林区文艺路162号碧桂园1栋2单元2288室,碑林区,88.11,1,1,2,"洗衣机,微波炉,电梯,热水器,冰箱,WiFi,停车位,电视,空调,24小时热水,吹风机,独立卫浴,急救包","地铁站,公交站,高铁站,机场,美食街,咖啡厅,超市,商场,药店,银行,西安城墙",4.0,43,510.87,"商务出差,高端品质,聚会派对",现代简约,整套公寓,5,2025-04-06 14:28:25.984155
42,大唐工业风客栈,莲湖区桃园路41号高新水晶城7栋2单元1418室,莲湖区,32.31,4,6,6,"洗衣机,冰箱,微波炉,电视,WiFi,电梯,热水器,空调,停车位,洗漱用品,独立卫浴,拖鞋,24小时热水,吹风机,灭火器,急救包","公交站,机场,高铁站,地铁站,餐厅,夜市,大观园",4.3,80,576.08,"商务出差,家庭出游,安静舒适",工业风,特色民居,1,2025-04-06 14:28:25.984156
43,古风客栈·长安民宿,长安区韦曲194号曲江公馆28栋1单元564室,长安区,59.57,3,6,8,"冰箱,热水器,洗衣机,微波炉,WiFi,电视,空调,电梯,停车位,吹风机,24小时热水,浴巾毛巾,保安,智能门锁,急救包","地铁站,小吃街,美食街,超市,医院,秦始皇兵马俑,健身房",3.8,77,202.58,"近景点,情侣首选,临近地铁",现代简约,古风客栈,2,2025-04-06 14:28:25.984158
44,西安花园洋房,雁塔区丈八路56号碧桂园8栋2单元585室,雁塔区,77.26,4,5,5,"空调,洗衣机,WiFi,电视,微波炉,电磁炉,电热水壶,洗漱用品,24小时热水,独立卫浴,智能门锁,监控,灭火器,保安,急救包","地铁站,机场,公交站,高铁站,咖啡厅,超市,商场,小雁塔,博物馆",4.3,88,576.07,"亲子游玩,经济实惠,长租优惠",轻奢风,花园洋房,4,2025-04-06 14:28:25.984159
45,丝路度假别墅,新城区尚德路51号龙湖小区20栋6单元931室,新城区,147.11,2,3,6,"停车位,空调,洗衣机,冰箱,热水器,微波炉,电磁炉,浴巾毛巾,拖鞋,24小时热水,独立卫浴,桌游,图书,灭火器,智能门锁,监控,保安,急救包","高铁站,地铁站,小吃街,超市,景点,西安市博物馆,公园",4.6,20,600.53,"新房特惠,近景点,安静舒适",现代简约,度假别墅,9,2025-04-06 14:28:25.984161
46,整套公寓·丝路居,雁塔区翠华路95号,雁塔区,94.98,1,1,1,"洗衣机,热水器,微波炉,冰箱,电视,空调,停车位,WiFi,电梯,浴巾毛巾,吹风机,独立卫浴,洗漱用品,智能门锁,灭火器,保安,急救包,监控","高铁站,地铁站,公交站,机场,美食街,咖啡厅,夜市,商场,景点",4.2,32,441.16,"经济实惠,新房特惠,拍照打卡",日式和风,整套公寓,4,2025-04-06 14:28:25.984162
47,西安整套公寓,未央区北二环63号,未央区,129.95,4,5,8,"WiFi,空调,电梯,热水器,电视,吹风机,洗漱用品,24小时热水,灭火器","高铁站,地铁站,餐厅,咖啡厅,超市,医院,公园,博物馆,西安北客站",4.4,88,389.02,"临近地铁,新房特惠,商务出差",美式乡村,整套公寓,4,2025-04-06 14:28:25.984164
48,西安商务套房,雁塔区翠华路196号,雁塔区,42.22,1,1,2,"电梯,热水器,WiFi,空调,冰箱,停车位,微波炉,电视,烤箱,咖啡机,电磁炉,厨房,餐具,独立卫浴,24小时热水,浴巾毛巾,拖鞋,灭火器,急救包,智能门锁,监控,保安","地铁站,公交站,小吃街,咖啡厅,夜市,超市,药店,西安电子科技大学",4.1,28,465.78,"情侣首选,度假休闲,亲子游玩",现代简约,商务套房,7,2025-04-06 14:28:25.984165
49,古城日式和风客栈,莲湖区北关正街85号,莲湖区,96.17,3,4,5,"空调,热水器,电视,洗衣机,冰箱,微波炉,电梯,停车位,WiFi,24小时热水,拖鞋,独立卫浴,洗漱用品,吹风机,浴巾毛巾,保安,智能门锁,急救包","地铁站,餐厅,咖啡厅,超市,银行,警察局,博物馆",4.1,72,734.28,"高端品质,临近地铁,聚会派对",日式和风,现代公寓,7,2025-04-06 14:28:25.984167
50,西安特色民居,莲湖区莲湖路90号盛龙广场8栋6单元253室,莲湖区,60.1,2,4,6,"微波炉,冰箱,停车位,电梯,空调,洗衣机,电视,WiFi,餐具,电热水壶,厨房,电磁炉,独立卫浴,吹风机,洗漱用品,24小时热水,浴巾毛巾,拖鞋,智能门锁","公交站,高铁站,小吃街,夜市,超市,医院,药店,博物馆,西安北站,景点",4.3,44,624.67,"新房特惠,度假休闲,亲子游玩",日式和风,特色民居,7,2025-04-06 14:28:25.984169
51,长安古风客栈,新城区尚德路44号,新城区,83.35,4,8,15,"空调,洗衣机,电梯,电视,WiFi,冰箱,微波炉,停车位,热水器,洗漱用品,24小时热水,浴巾毛巾,独立卫浴,拖鞋,吹风机,智能门锁,灭火器,保安","机场,高铁站,餐厅,便利店,警察局,新城广场,西安市博物馆",4.2,55,793.99,"高端品质,家庭出游,聚会派对",轻奢风,古风客栈,7,2025-04-06 14:28:25.984170
52,大唐古风客栈,未央区文景路1号枫林绿洲25栋4单元1241室,未央区,111.94,1,1,2,"空调,电梯,洗衣机,WiFi,微波炉,电视,电热水壶,电磁炉,厨房,烤箱,洗漱用品,拖鞋,浴巾毛巾,吹风机,24小时热水,监控,智能门锁,保安,急救包,灭火器","机场,高铁站,美食街,咖啡厅,夜市,超市,景点",4.3,55,489.24,"度假休闲,聚会派对,亲子游玩",工业风,古风客栈,2,2025-04-06 14:28:25.984172
53,大唐整套公寓,灞桥区灞桥路155号,灞桥区,57.12,4,5,8,"微波炉,WiFi,洗衣机,空调,吹风机,拖鞋,洗漱用品,24小时热水,急救包,智能门锁,监控,保安","地铁站,高铁站,机场,咖啡厅,餐厅,夜市,商场,医院,公园",4.6,74,639.12,"特色花园,商务出差,家庭出游",复古怀旧,整套公寓,5,2025-04-06 14:28:25.984173
54,雁塔区复式loft,雁塔区长安路28号龙湖小区3栋5单元1669室,雁塔区,128.58,1,1,1,"WiFi,电梯,微波炉,空调,热水器,洗衣机,冰箱,停车位,电视,烤箱,餐具,吹风机,拖鞋,24小时热水,独立卫浴,洗漱用品,浴巾毛巾,游戏机,智能门锁,灭火器,监控","高铁站,地铁站,小吃街,餐厅,商场,便利店,大雁塔",4.3,8,945.71,"安静舒适,经济实惠,情侣首选",复古怀旧,复式loft,1,2025-04-06 14:28:25.984175
55,丝路温馨家庭房,高新区高新一路150号,高新区,126.38,1,1,2,"电视,冰箱,微波炉,洗衣机,停车位,热水器,浴巾毛巾,拖鞋,洗漱用品,吹风机,24小时热水,桌游,图书,保安,智能门锁,灭火器","机场,地铁站,餐厅,便利店,景点,丝路风情街,电影院",4.3,46,747.22,"近景点,拍照打卡,聚会派对",地中海风,温馨家庭房,5,2025-04-06 14:28:25.984176
56,花园洋房·长安之家,雁塔区高新路127号,雁塔区,131.53,1,1,1,"电梯,洗衣机,热水器,冰箱,电磁炉,餐具,电热水壶,洗漱用品,拖鞋,独立卫浴,游戏机,桌游,灭火器,急救包,保安,智能门锁","地铁站,小吃街,商场,夜市,公园,西安电子科技大学",4.7,62,518.18,"临近地铁,度假休闲,拍照打卡",日式和风,花园洋房,2,2025-04-06 14:28:25.984178
57,度假别墅·丝路舍,高新区高新一路7号,高新区,148.03,1,2,4,"停车位,热水器,微波炉,电梯,冰箱,WiFi,洗衣机,餐具,烤箱,咖啡机,电磁炉,浴巾毛巾,吹风机,独立卫浴,洗漱用品,桌游,图书,智能门锁","机场,高铁站,餐厅,小吃街,超市,便利店,公园",4.1,74,830.02,"经济实惠,长租优惠,亲子游玩",现代简约,度假别墅,6,2025-04-06 14:28:25.984179
58,长安特色民居,莲湖区西关正街48号金地铂悦3栋5单元1123室,莲湖区,107.25,2,4,5,"WiFi,停车位,电视,冰箱,空调,洗衣机,热水器,微波炉,电热水壶,电磁炉,餐具,厨房,洗漱用品,吹风机,浴巾毛巾,独立卫浴,24小时热水,拖鞋,麻将机,桌游,急救包,保安","机场,高铁站,咖啡厅,超市,公园,莲湖公园",4.1,31,913.61,"长租优惠,度假休闲,新房特惠",美式乡村,特色民居,9,2025-04-06 14:28:25.984181
59,高新区整套公寓,高新区锦业路69号,高新区,127.2,4,7,10,"微波炉,冰箱,空调,热水器,餐具,拖鞋,24小时热水,吹风机,智能门锁","高铁站,美食街,咖啡厅,商场,便利店,西安交通大学",4.3,80,520.01,"经济实惠,情侣首选,新房特惠",北欧风,整套公寓,5,2025-04-06 14:28:25.984182
60,长安中式古典客栈,未央区凤城路169号,未央区,57.1,1,1,1,"冰箱,电梯,WiFi,洗衣机,停车位,空调,独立卫浴,吹风机,浴巾毛巾,桌游,麻将机,监控,灭火器,急救包,保安","机场,餐厅,便利店,景点,电影院,公园",3.9,4,293.0,"度假休闲,拍照打卡,高端品质",中式古典,度假别墅,5,2025-04-06 14:28:25.984184
61,丝路现代公寓,长安区韦曲150号高新水晶城25栋6单元1880室,长安区,54.06,3,4,6,"微波炉,停车位,电视,电梯,WiFi,拖鞋,浴巾毛巾,吹风机,灭火器","地铁站,公交站,机场,美食街,超市,商场,警察局,医院,骊山,景点",3.8,43,333.88,"近景点,拍照打卡,聚会派对",美式乡村,现代公寓,3,2025-04-06 14:28:25.984185
62,现代公寓·丝路之家,莲湖区红庙坡157号,莲湖区,65.58,2,2,3,"停车位,空调,电视,电梯,热水器,微波炉,WiFi,餐具,厨房,电热水壶,烤箱,咖啡机,电磁炉,洗漱用品,拖鞋,独立卫浴,吹风机,24小时热水,浴巾毛巾,保安,灭火器,智能门锁,监控,急救包","地铁站,高铁站,公交站,咖啡厅,小吃街,便利店,医院,警察局,莲湖公园,电影院",4.1,10,417.62,"度假休闲,特色花园,家庭出游",美式乡村,现代公寓,8,2025-04-06 14:28:25.984187
63,丝路特色民居,莲湖区汉城路98号龙湖小区24栋3单元1424室,莲湖区,72.07,4,6,10,"停车位,电视,洗衣机,空调,微波炉,餐具,吹风机,浴巾毛巾,拖鞋,监控,急救包","高铁站,机场,公交站,地铁站,小吃街,商场,药店,莲湖公园,电影院,景点",4.0,39,764.55,"情侣首选,家庭出游,经济实惠",现代简约,特色民居,3,2025-04-06 14:28:25.984188
64,古城现代公寓,碑林区文艺路112号融创城23栋1单元1013室,碑林区,90.72,1,2,3,"空调,电梯,电视,微波炉,独立卫浴,吹风机,浴巾毛巾,拖鞋,灭火器","公交站,高铁站,机场,地铁站,餐厅,夜市,电影院,鼓楼,博物馆",4.0,78,512.18,"拍照打卡,临近地铁,近景点",复古怀旧,现代公寓,10,2025-04-06 14:28:25.984190
65,精品单间·长安居,长安区华清路58号紫薇花园8栋5单元2197室,长安区,112.22,3,3,5,"WiFi,电梯,微波炉,洗衣机,停车位,热水器,餐具,咖啡机,电磁炉,厨房,烤箱,电热水壶,洗漱用品,24小时热水,独立卫浴,灭火器,监控,保安","机场,地铁站,公交站,高铁站,餐厅,超市,便利店,警察局,景点,健身房",4.1,63,567.2,"情侣首选,聚会派对,近景点",地中海风,精品单间,9,2025-04-06 14:28:25.984191
66,碑林区现代公寓,碑林区东大街187号太阳城7栋4单元154室,碑林区,135.57,1,1,2,"电梯,WiFi,空调,停车位,洗衣机,餐具,咖啡机,厨房,烤箱,电热水壶,电磁炉,24小时热水,拖鞋,浴巾毛巾,洗漱用品,独立卫浴,监控,急救包,灭火器","机场,地铁站,小吃街,夜市,超市,药店,书院门,西安城墙,健身房",4.7,50,692.51,"特色花园,家庭出游,经济实惠",现代简约,现代公寓,1,2025-04-06 14:28:25.984193
67,古城复古怀旧客栈,雁塔区曲江路169号中海环宇城23栋4单元794室,雁塔区,132.79,3,6,6,"空调,冰箱,停车位,洗衣机,咖啡机,餐具,拖鞋,24小时热水,独立卫浴,吹风机,灭火器,智能门锁,急救包,监控","机场,高铁站,地铁站,咖啡厅,餐厅,夜市,超市,景点,大雁塔,公园",4.2,7,654.42,"安静舒适,情侣首选,聚会派对",复古怀旧,精品单间,7,2025-04-06 14:28:25.984195
68,西安复式loft,莲湖区枣园路2号,莲湖区,87.72,4,5,5,"热水器,电视,停车位,冰箱,WiFi,微波炉,洗衣机,电梯,浴巾毛巾,24小时热水,吹风机,独立卫浴,监控,保安,急救包","地铁站,高铁站,机场,公交站,餐厅,咖啡厅,便利店,银行,电影院",4.8,34,528.91,"新房特惠,度假休闲,安静舒适",地中海风,复式loft,10,2025-04-06 14:28:25.984196
69,古城精品单间,灞桥区纺织城23号万达广场22栋5单元676室,灞桥区,57.16,4,6,9,"电视,停车位,WiFi,微波炉,冰箱,空调,洗衣机,热水器,电梯,厨房,烤箱,洗漱用品,浴巾毛巾,独立卫浴,吹风机,拖鞋,桌游,图书,监控,智能门锁,灭火器,急救包","公交站,机场,咖啡厅,夜市,医院,警察局,景点,健身房,博物馆",4.2,58,214.22,"家庭出游,拍照打卡,情侣首选",现代简约,精品单间,4,2025-04-06 14:28:25.984198
70,长安度假别墅,长安区神禾原20号,长安区,64.66,4,8,16,"WiFi,电梯,停车位,电视,热水器,电磁炉,独立卫浴,浴巾毛巾,24小时热水,洗漱用品,吹风机,拖鞋,保安","机场,地铁站,公交站,高铁站,小吃街,美食街,夜市,景点,公园",3.9,53,397.34,"高端品质,临近地铁,近景点",现代简约,度假别墅,7,2025-04-06 14:28:25.984199
71,未央区商务套房,未央区文景路198号,未央区,86.87,1,2,3,"电梯,热水器,微波炉,冰箱,停车位,空调,电热水壶,咖啡机,电磁炉,独立卫浴,24小时热水,吹风机,拖鞋,洗漱用品,浴巾毛巾,桌游,游戏机,保安","机场,咖啡厅,超市,商场,汉长安城遗址,博物馆",4.3,17,307.71,"家庭出游,高端品质,长租优惠",地中海风,商务套房,9,2025-04-06 14:28:25.984201
72,古城精品单间,莲湖区桃园路124号绿地世纪城8栋2单元927室,莲湖区,55.04,1,2,4,"停车位,热水器,电视,电梯,WiFi,微波炉,洗衣机,空调,冰箱,烤箱,电磁炉,餐具,咖啡机,24小时热水,独立卫浴,拖鞋,吹风机,浴巾毛巾,图书,麻将机,保安,灭火器","公交站,机场,餐厅,小吃街,商场,夜市,西安火车站,博物馆",4.6,8,577.62,"拍照打卡,经济实惠,情侣首选",北欧风,精品单间,3,2025-04-06 14:28:25.984202
73,古城古风客栈,雁塔区长安路113号,雁塔区,145.56,2,4,4,"电梯,微波炉,停车位,洗衣机,空调,WiFi,洗漱用品,独立卫浴,24小时热水,浴巾毛巾,吹风机,监控,智能门锁,急救包,保安,灭火器","高铁站,机场,公交站,地铁站,小吃街,超市,医院,警察局,曲江池遗址公园",4.2,62,745.95,"长租优惠,情侣首选,度假休闲",中式古典,古风客栈,2,2025-04-06 14:28:25.984204
74,西安温馨家庭房,高新区唐延路43号太阳城30栋6单元1707室,高新区,125.02,4,6,10,"空调,停车位,热水器,WiFi,冰箱,电热水壶,浴巾毛巾,吹风机,拖鞋,智能门锁,灭火器,保安,急救包","地铁站,机场,咖啡厅,餐厅,夜市,商场,药店,医院,高新软件园,西安交通大学",4.4,18,610.78,"长租优惠,聚会派对,商务出差",地中海风,温馨家庭房,8,2025-04-06 14:28:25.984205
75,长安复式loft,高新区高新一路50号,高新区,92.87,1,1,2,"热水器,电梯,停车位,冰箱,微波炉,洗衣机,WiFi,餐具,拖鞋,24小时热水,吹风机,洗漱用品,监控,灭火器,急救包,智能门锁","公交站,机场,高铁站,地铁站,美食街,咖啡厅,超市,银行,药店,公园",4.1,16,295.5,"安静舒适,情侣首选,商务出差",新中式,复式loft,8,2025-04-06 14:28:25.984207
76,西安度假别墅,高新区科技一路44号高新水晶城9栋3单元1086室,高新区,67.87,3,6,10,"电梯,空调,WiFi,电视,冰箱,洗衣机,热水器,微波炉,停车位,咖啡机,独立卫浴,洗漱用品,浴巾毛巾,灭火器,保安,急救包","地铁站,小吃街,商场,夜市,丝路风情街,公园,健身房",4.7,66,651.41,"度假休闲,拍照打卡,家庭出游",地中海风,度假别墅,9,2025-04-06 14:28:25.984208
77,长安特色民居,新城区长缨路71号曲江公馆15栋2单元1779室,新城区,32.09,4,5,9,"冰箱,热水器,洗衣机,电梯,WiFi,浴巾毛巾,24小时热水,独立卫浴,洗漱用品,急救包,监控,灭火器,保安,智能门锁","机场,餐厅,小吃街,便利店,健身房,大明宫国家遗址公园",4.7,2,571.49,"拍照打卡,家庭出游,情侣首选",美式乡村,特色民居,9,2025-04-06 14:28:25.984210
78,古城度假别墅,未央区文景路13号,未央区,76.08,1,2,3,"洗衣机,热水器,WiFi,微波炉,冰箱,烤箱,浴巾毛巾,洗漱用品,拖鞋,独立卫浴,24小时热水,桌游,急救包","高铁站,公交站,咖啡厅,便利店,警察局,西安北客站,西安国际港务区,电影院",0.0,0,300.87,"近景点,特色花园,长租优惠",新中式,度假别墅,10,2025-04-06 14:28:25.984211
79,新城区新中式客栈,新城区长缨路56号太阳城9栋4单元1906室,新城区,91.16,2,4,8,"停车位,微波炉,冰箱,电梯,热水器,洗衣机,空调,WiFi,电视,洗漱用品,浴巾毛巾,独立卫浴,吹风机,保安,灭火器,监控,急救包,智能门锁","公交站,高铁站,地铁站,美食街,咖啡厅,便利店,商场,西安市博物馆",4.7,17,637.49,"近景点,经济实惠,情侣首选",新中式,花园洋房,6,2025-04-06 14:28:25.984213
80,长安商务套房,雁塔区科技路12号紫薇花园7栋6单元306室,雁塔区,100.48,3,6,12,"热水器,停车位,空调,冰箱,电热水壶,厨房,电磁炉,咖啡机,烤箱,拖鞋,吹风机,浴巾毛巾,洗漱用品,智能门锁,监控,灭火器,保安","公交站,小吃街,商场,大唐芙蓉园,大雁塔",3.9,65,405.01,"聚会派对,经济实惠,高端品质",新中式,商务套房,8,2025-04-06 14:28:25.984214
81,长安商务套房,碑林区西大街144号首创国际城11栋4单元2388室,碑林区,48.69,4,8,15,"空调,冰箱,停车位,电视,电梯,浴巾毛巾,洗漱用品,吹风机,独立卫浴,24小时热水,麻将机,监控,智能门锁","高铁站,地铁站,公交站,餐厅,商场,警察局,南院门,博物馆,鼓楼",4.1,3,841.09,"拍照打卡,临近地铁,特色花园",日式和风,商务套房,7,2025-04-06 14:28:25.984216
82,温馨家庭房·古城舍,莲湖区汉城路122号,莲湖区,39.95,1,2,3,"空调,热水器,停车位,洗衣机,微波炉,WiFi,电梯,冰箱,电视,烤箱,电热水壶,咖啡机,餐具,电磁炉,厨房,独立卫浴,吹风机,洗漱用品,拖鞋,24小时热水,浴巾毛巾,智能门锁,监控,灭火器,保安","公交站,机场,高铁站,地铁站,餐厅,超市,便利店,医院,健身房,西安火车站",4.3,39,461.07,"高端品质,特色花园,安静舒适",现代简约,温馨家庭房,6,2025-04-06 14:28:25.984217
83,雁塔区现代公寓,雁塔区长安路106号太阳城12栋3单元769室,雁塔区,104.39,3,4,5,"电视,冰箱,停车位,微波炉,WiFi,热水器,洗衣机,烤箱,电磁炉,咖啡机,电热水壶,厨房,餐具,24小时热水,洗漱用品,浴巾毛巾,灭火器,保安,急救包,监控","机场,高铁站,公交站,小吃街,美食街,超市,商场,药店,银行,曲江池遗址公园",4.5,56,811.69,"聚会派对,长租优惠,情侣首选",轻奢风,现代公寓,10,2025-04-06 14:28:25.984219
84,大唐花园洋房,灞桥区纺织城159号,灞桥区,131.12,4,8,13,"空调,WiFi,微波炉,电视,停车位,洗衣机,烤箱,餐具,咖啡机,电热水壶,电磁炉,洗漱用品,吹风机,拖鞋,游戏机,急救包,灭火器,智能门锁","机场,地铁站,高铁站,公交站,餐厅,美食街,便利店,超市,药店,银行,灞河",4.3,20,679.09,"特色花园,高端品质,情侣首选",中式古典,花园洋房,6,2025-04-06 14:28:25.984220
85,长安精品单间,未央区北二环129号,未央区,119.4,2,2,4,"热水器,电视,冰箱,电梯,洗衣机,微波炉,停车位,独立卫浴,吹风机,浴巾毛巾,桌游,灭火器,急救包","高铁站,公交站,地铁站,机场,咖啡厅,餐厅,超市,夜市,药店,电影院,健身房,博物馆",4.3,69,398.52,"近景点,新房特惠,度假休闲",现代简约,精品单间,3,2025-04-06 14:28:25.984222
86,西安花园洋房,莲湖区枣园路166号龙湖小区19栋1单元2103室,莲湖区,110.14,2,4,5,"冰箱,微波炉,WiFi,停车位,空调,热水器,电梯,洗漱用品,吹风机,拖鞋,独立卫浴,24小时热水,浴巾毛巾,游戏机,桌游,监控,智能门锁,保安,急救包,灭火器","地铁站,美食街,餐厅,超市,商场,西安城墙,西安北站,博物馆",4.5,88,769.26,"亲子游玩,特色花园,拍照打卡",新中式,花园洋房,5,2025-04-06 14:28:25.984223
87,西安现代简约民宿,新城区长乐路122号保利花园10栋5单元864室,新城区,119.76,3,4,7,"停车位,洗衣机,电梯,热水器,厨房,独立卫浴,拖鞋,浴巾毛巾,保安","地铁站,高铁站,餐厅,便利店,超市,新城广场,大明宫国家遗址公园",3.9,58,607.25,"商务出差,安静舒适,家庭出游",现代简约,特色民居,9,2025-04-06 14:28:25.984225
88,长安区新中式公寓,长安区引镇85号,长安区,120.09,2,4,4,"洗衣机,冰箱,空调,WiFi,厨房,烤箱,电热水壶,吹风机,拖鞋,洗漱用品,浴巾毛巾,24小时热水,监控","地铁站,公交站,高铁站,美食街,小吃街,便利店,夜市,博物馆,电影院,西北大学长安校区",4.1,40,581.3,"经济实惠,近景点,度假休闲",新中式,古风客栈,3,2025-04-06 14:28:25.984226
89,精品单间·古城客栈,高新区高新二路49号,高新区,93.63,2,2,3,"洗衣机,电梯,停车位,热水器,冰箱,WiFi,厨房,烤箱,洗漱用品,拖鞋,24小时热水,浴巾毛巾,游戏机,监控","公交站,高铁站,餐厅,美食街,商场,夜市,警察局,药店,丝路风情街,西北工业大学,电影院",4.0,90,525.52,"特色花园,聚会派对,情侣首选",现代简约,精品单间,5,2025-04-06 14:28:25.984228
90,古城花园洋房,雁塔区翠华路55号,雁塔区,112.54,3,4,7,"热水器,洗衣机,电视,WiFi,吹风机,独立卫浴,拖鞋,桌游,麻将机,灭火器,保安,监控,急救包,智能门锁","地铁站,高铁站,机场,咖啡厅,小吃街,超市,夜市,大雁塔,陕西历史博物馆,景点",3.8,76,510.74,"临近地铁,经济实惠,聚会派对",新中式,花园洋房,6,2025-04-06 14:28:25.984230
91,长安现代公寓,新城区长缨路36号紫薇花园13栋3单元2272室,新城区,62.69,4,6,10,"电视,电梯,微波炉,热水器,空调,WiFi,拖鞋,独立卫浴,浴巾毛巾,监控","高铁站,公交站,地铁站,餐厅,超市,健身房",4.1,39,589.29,"家庭出游,商务出差,近景点",日式和风,现代公寓,5,2025-04-06 14:28:25.984231
92,商务套房·西安民宿,灞桥区纺东街7号,灞桥区,78.34,2,3,3,"热水器,洗衣机,停车位,电梯,微波炉,WiFi,咖啡机,烤箱,电磁炉,厨房,洗漱用品,24小时热水,浴巾毛巾,灭火器","地铁站,高铁站,公交站,餐厅,咖啡厅,便利店,浐灞生态区,西安纺织城",4.3,55,452.23,"特色花园,经济实惠,新房特惠",美式乡村,商务套房,9,2025-04-06 14:28:25.984233
93,丝路新中式舍,碑林区书院门106号,碑林区,73.1,1,1,2,"电梯,WiFi,热水器,空调,停车位,电视,独立卫浴,吹风机,洗漱用品,浴巾毛巾,拖鞋,24小时热水,急救包,监控","公交站,地铁站,高铁站,机场,咖啡厅,小吃街,夜市,银行,医院,钟楼,大唐不夜城,西安城墙",4.8,12,706.85,"商务出差,新房特惠,长租优惠",新中式,花园洋房,7,2025-04-06 14:28:25.984234
94,特色民居·西安客栈,灞桥区纺东街158号曲江公馆8栋4单元2066室,灞桥区,116.43,4,6,12,"冰箱,热水器,电梯,WiFi,停车位,电热水壶,电磁炉,24小时热水,独立卫浴,吹风机,浴巾毛巾,洗漱用品,拖鞋,图书,智能门锁,急救包,灭火器","高铁站,公交站,小吃街,美食街,超市,便利店,警察局,西安纺织城,灞河,博物馆",4.3,14,898.44,"经济实惠,聚会派对,亲子游玩",工业风,特色民居,9,2025-04-06 14:28:25.984236
95,整套公寓·长安民宿,莲湖区汉城路43号金地铂悦2栋4单元595室,莲湖区,113.06,3,5,7,"停车位,热水器,电视,空调,洗衣机,厨房,24小时热水,吹风机,浴巾毛巾,洗漱用品,独立卫浴,游戏机,图书,监控","公交站,美食街,便利店,莲湖公园",4.5,96,604.39,"临近地铁,特色花园,新房特惠",现代简约,整套公寓,5,2025-04-06 14:28:25.984237
96,丝路温馨家庭房,莲湖区大庆路191号中海环宇城21栋1单元1694室,莲湖区,122.72,3,3,5,"微波炉,空调,电梯,停车位,冰箱,热水器,电视,WiFi,咖啡机,电热水壶,烤箱,浴巾毛巾,拖鞋,吹风机,24小时热水,洗漱用品,灭火器,保安,智能门锁,急救包,监控","公交站,机场,地铁站,高铁站,餐厅,夜市,大观园,健身房",4.4,3,629.69,"长租优惠,临近地铁,拍照打卡",中式古典,温馨家庭房,5,2025-04-06 14:28:25.984239
97,特色民居·新城区舍,新城区解放路32号绿地世纪城1栋5单元2009室,新城区,56.95,4,4,6,"电视,热水器,WiFi,停车位,空调,电梯,微波炉,冰箱,洗衣机,厨房,咖啡机,电热水壶,餐具,烤箱,浴巾毛巾,吹风机,洗漱用品,拖鞋,独立卫浴,24小时热水,保安,急救包,监控,智能门锁","公交站,高铁站,小吃街,超市,医院,西安市博物馆",4.0,47,683.61,"临近地铁,近景点,亲子游玩",新中式,特色民居,9,2025-04-06 14:28:25.984240
98,丝路特色民居,长安区引镇154号融创城22栋6单元1657室,长安区,61.05,1,1,1,"WiFi,洗衣机,停车位,空调,餐具,咖啡机,独立卫浴,拖鞋,吹风机,急救包","机场,公交站,美食街,餐厅,夜市,医院,银行,博物馆,西安电子科技大学长安校区",3.8,50,292.48,"高端品质,安静舒适,商务出差",北欧风,特色民居,2,2025-04-06 14:28:25.984242
99,大唐新中式舍,雁塔区翠华路70号,雁塔区,91.8,2,4,6,"洗衣机,停车位,电视,热水器,厨房,烤箱,餐具,咖啡机,电磁炉,电热水壶,拖鞋,浴巾毛巾,洗漱用品,监控,灭火器,智能门锁,保安","高铁站,地铁站,机场,咖啡厅,小吃街,夜市,大雁塔",4.0,68,559.69,"亲子游玩,情侣首选,特色花园",新中式,现代公寓,3,2025-04-06 14:28:25.984243
100,花园洋房·西安舍,高新区锦业路18号绿地世纪城11栋1单元2525室,高新区,134.57,1,2,2,"冰箱,空调,WiFi,停车位,热水器,电视,餐具,咖啡机,烤箱,厨房,电磁炉,洗漱用品,拖鞋,独立卫浴,浴巾毛巾,24小时热水,吹风机,监控","高铁站,机场,公交站,地铁站,咖啡厅,餐厅,超市,便利店,电影院,西安交通大学",4.5,38,609.97,"安静舒适,家庭出游,新房特惠",北欧风,花园洋房,5,2025-04-06 14:28:25.984245
101,长安花园洋房,灞桥区纺东街103号金地铂悦15栋2单元2214室,灞桥区,89.63,4,7,14,"电视,电梯,冰箱,洗衣机,停车位,电热水壶,咖啡机,厨房,餐具,烤箱,吹风机,拖鞋,独立卫浴,浴巾毛巾,24小时热水,桌游,游戏机,灭火器,急救包,保安","地铁站,公交站,咖啡厅,商场,景点,西安纺织城",4.0,56,268.94,"高端品质,长租优惠,聚会派对",中式古典,花园洋房,5,2025-04-06 14:28:25.984246
102,古城精品单间,未央区龙首路6号碧桂园6栋6单元1705室,未央区,49.07,4,5,6,"冰箱,洗衣机,电视,热水器,WiFi,停车位,浴巾毛巾,洗漱用品,吹风机,独立卫浴,游戏机,麻将机,灭火器","机场,高铁站,公交站,地铁站,美食街,夜市,超市,警察局,银行,西安北客站,公园",4.7,16,597.61,"度假休闲,安静舒适,长租优惠",复古怀旧,精品单间,5,2025-04-06 14:28:25.984248
103,大唐现代简约客栈,莲湖区汉城路110号,莲湖区,70.31,3,3,6,"洗衣机,电视,电梯,冰箱,WiFi,空调,停车位,热水器,微波炉,餐具,电热水壶,咖啡机,电磁炉,独立卫浴,拖鞋,吹风机,浴巾毛巾,智能门锁,急救包","地铁站,机场,高铁站,公交站,餐厅,美食街,夜市,便利店,西安火车站,西安城墙",4.4,16,913.77,"新房特惠,情侣首选,度假休闲",现代简约,复式loft,4,2025-04-06 14:28:25.984249
104,大唐日式和风之家,新城区长缨路12号,新城区,122.15,2,2,4,"停车位,洗衣机,电视,冰箱,WiFi,空调,微波炉,热水器,电梯,咖啡机,厨房,餐具,电热水壶,独立卫浴,洗漱用品,拖鞋,浴巾毛巾,吹风机,监控,保安,灭火器","机场,公交站,餐厅,咖啡厅,便利店,药店,银行,电影院",4.2,50,784.03,"度假休闲,家庭出游,临近地铁",日式和风,商务套房,10,2025-04-06 14:28:25.984251
105,度假别墅·未央区之家,未央区北二环38号华润万象城26栋1单元2389室,未央区,49.05,2,4,8,"空调,电梯,热水器,冰箱,咖啡机,餐具,洗漱用品,拖鞋,24小时热水,急救包,保安,监控,智能门锁,灭火器","公交站,高铁站,机场,地铁站,小吃街,商场,便利店,药店,电影院,健身房",4.6,93,490.53,"商务出差,经济实惠,亲子游玩",新中式,度假别墅,1,2025-04-06 14:28:25.984252
106,古城商务套房,未央区太华路57号融创城24栋5单元2526室,未央区,128.91,1,2,3,"热水器,微波炉,空调,电视,停车位,WiFi,电梯,吹风机,独立卫浴,浴巾毛巾,洗漱用品,拖鞋,24小时热水,灭火器,保安,智能门锁","地铁站,高铁站,餐厅,商场,夜市,药店,汉长安城遗址,公园",4.0,63,279.63,"新房特惠,长租优惠,聚会派对",新中式,商务套房,3,2025-04-06 14:28:25.984254
107,古城商务套房,高新区科技一路46号首创国际城10栋4单元1418室,高新区,73.14,1,1,1,"洗衣机,微波炉,WiFi,冰箱,停车位,空调,热水器,电视,厨房,电磁炉,咖啡机,电热水壶,烤箱,拖鞋,独立卫浴,浴巾毛巾,吹风机,24小时热水,智能门锁,保安,监控,灭火器","机场,小吃街,美食街,超市,商场,西北工业大学,丝路风情街",4.4,32,643.97,"近景点,商务出差,高端品质",轻奢风,商务套房,6,2025-04-06 14:28:25.984255
108,长安花园洋房,新城区金花路93号,新城区,84.38,2,3,6,"电梯,微波炉,电视,热水器,停车位,24小时热水,浴巾毛巾,拖鞋,洗漱用品,吹风机,灭火器,急救包","公交站,高铁站,地铁站,小吃街,餐厅,便利店,公园,大明宫国家遗址公园,新城广场",4.4,57,857.99,"长租优惠,拍照打卡,度假休闲",复古怀旧,花园洋房,9,2025-04-06 14:28:25.984257
109,西安商务套房,高新区沣惠路103号,高新区,41.48,1,2,3,"冰箱,电视,停车位,电梯,空调,洗衣机,热水器,WiFi,微波炉,烤箱,电磁炉,拖鞋,洗漱用品,浴巾毛巾,灭火器,保安","公交站,地铁站,机场,咖啡厅,美食街,超市,便利店,药店,电影院",3.6,84,164.12,"高端品质,近景点,安静舒适",轻奢风,商务套房,5,2025-04-06 14:28:25.984258
110,丝路度假别墅,灞桥区纺织城35号,灞桥区,98.41,3,6,11,"热水器,洗衣机,冰箱,停车位,厨房,电磁炉,餐具,咖啡机,烤箱,电热水壶,吹风机,洗漱用品,24小时热水,独立卫浴,灭火器,智能门锁,急救包,监控","公交站,高铁站,地铁站,机场,小吃街,餐厅,超市,医院,药店,景点",4.4,35,291.96,"度假休闲,近景点,安静舒适",新中式,度假别墅,10,2025-04-06 14:28:25.984260
111,长安日式和风民宿,雁塔区高新路116号保利花园20栋6单元2556室,雁塔区,100.13,1,2,3,"空调,洗衣机,电梯,微波炉,热水器,电热水壶,浴巾毛巾,24小时热水,独立卫浴,洗漱用品,麻将机,图书,智能门锁,灭火器,急救包,监控","高铁站,机场,地铁站,小吃街,美食街,商场,便利店,警察局,医院,健身房",4.5,9,690.79,"拍照打卡,度假休闲,情侣首选",日式和风,温馨家庭房,10,2025-04-06 14:28:25.984262
112,大唐现代公寓,莲湖区北关正街106号曲江公馆26栋1单元463室,莲湖区,101.89,3,5,10,"空调,冰箱,电梯,洗衣机,电视,停车位,餐具,电热水壶,电磁炉,厨房,吹风机,24小时热水,独立卫浴,拖鞋,灭火器,保安,智能门锁","公交站,地铁站,小吃街,美食街,商场,便利店,西安火车站",4.2,89,552.21,"度假休闲,高端品质,亲子游玩",工业风,现代公寓,2,2025-04-06 14:28:25.984263
113,丝路温馨家庭房,未央区辛王路31号首创国际城15栋2单元1293室,未央区,48.38,1,2,4,"热水器,洗衣机,WiFi,冰箱,独立卫浴,洗漱用品,浴巾毛巾,拖鞋,吹风机,桌游,智能门锁,急救包,监控,灭火器","公交站,地铁站,小吃街,便利店,夜市,西安北客站,大明宫遗址,博物馆",4.5,76,317.92,"高端品质,聚会派对,家庭出游",轻奢风,温馨家庭房,8,2025-04-06 14:28:25.984265
114,古城花园洋房,雁塔区曲江路116号绿地世纪城1栋4单元876室,雁塔区,120.63,2,3,6,"空调,WiFi,电梯,热水器,停车位,冰箱,电视,独立卫浴,吹风机,拖鞋,浴巾毛巾,洗漱用品,24小时热水,麻将机,急救包,保安","地铁站,机场,公交站,高铁站,餐厅,美食街,超市,景点,陕西历史博物馆",4.5,38,404.63,"家庭出游,特色花园,商务出差",地中海风,花园洋房,7,2025-04-06 14:28:25.984266
115,古城整套公寓,高新区锦业路105号首创国际城5栋6单元1173室,高新区,94.68,4,8,10,"WiFi,冰箱,热水器,空调,吹风机,24小时热水,独立卫浴,洗漱用品,拖鞋,监控,保安","机场,地铁站,公交站,美食街,小吃街,便利店,夜市,西北工业大学,西安交通大学",4.3,32,632.28,"安静舒适,经济实惠,长租优惠",新中式,整套公寓,6,2025-04-06 14:28:25.984268
116,商务套房·莲湖区民宿,莲湖区西关正街72号万达广场10栋3单元311室,莲湖区,134.83,2,3,4,"WiFi,热水器,微波炉,电视,停车位,电梯,冰箱,烤箱,电磁炉,餐具,电热水壶,咖啡机,24小时热水,浴巾毛巾,吹风机,拖鞋,游戏机,保安,智能门锁,急救包,灭火器","地铁站,高铁站,餐厅,咖啡厅,超市,商场,电影院,西安城墙,公园",4.3,73,547.42,"临近地铁,近景点,亲子游玩",北欧风,商务套房,1,2025-04-06 14:28:25.984269
117,花园洋房·丝路客栈,新城区尚德路169号曲江公馆16栋3单元2007室,新城区,119.38,3,5,8,"停车位,冰箱,电视,空调,微波炉,热水器,独立卫浴,24小时热水,拖鞋,吹风机,浴巾毛巾,麻将机,监控,灭火器","公交站,地铁站,高铁站,机场,美食街,超市,警察局,医院,大明宫国家遗址公园",4.5,44,914.95,"近景点,经济实惠,亲子游玩",地中海风,花园洋房,1,2025-04-06 14:28:25.984271
118,长安新中式之家,新城区解放路144号保利花园7栋2单元2539室,新城区,104.13,4,5,9,"电视,微波炉,洗衣机,空调,停车位,热水器,电梯,WiFi,24小时热水,拖鞋,独立卫浴,游戏机,监控,智能门锁","高铁站,公交站,美食街,超市,大明宫国家遗址公园,景点,新城广场",4.0,20,577.06,"度假休闲,经济实惠,聚会派对",新中式,精品单间,9,2025-04-06 14:28:25.984272
119,长安商务套房,灞桥区浐灞路125号高新水晶城6栋4单元1981室,灞桥区,86.87,1,1,2,"微波炉,停车位,空调,WiFi,电视,24小时热水,拖鞋,洗漱用品,游戏机,桌游,急救包,灭火器,监控,保安","机场,小吃街,超市,药店,灞河",4.2,40,398.61,"经济实惠,安静舒适,临近地铁",美式乡村,商务套房,2,2025-04-06 14:28:25.984274
120,古城日式和风民宿,未央区北二环51号华润万象城17栋6单元2448室,未央区,129.19,4,7,11,"电视,热水器,电梯,微波炉,WiFi,冰箱,洗衣机,咖啡机,厨房,电磁炉,电热水壶,烤箱,餐具,独立卫浴,洗漱用品,吹风机,浴巾毛巾,急救包,智能门锁,保安,监控,灭火器","机场,公交站,小吃街,超市,商场,西安国际港务区,大明宫遗址",4.2,52,632.79,"长租优惠,新房特惠,临近地铁",日式和风,古风客栈,2,2025-04-06 14:28:25.984275
121,莲湖区中式古典客栈,莲湖区西关正街100号,莲湖区,65.37,4,7,12,"WiFi,空调,洗衣机,电视,热水器,停车位,冰箱,浴巾毛巾,洗漱用品,拖鞋,监控","机场,高铁站,美食街,商场,便利店,公园,电影院",4.2,4,938.66,"特色花园,商务出差,长租优惠",中式古典,复式loft,3,2025-04-06 14:28:25.984277
122,古城中式古典之家,高新区科技二路118号,高新区,40.12,3,6,6,"停车位,电梯,热水器,洗衣机,微波炉,电视,冰箱,WiFi,咖啡机,厨房,拖鞋,浴巾毛巾,24小时热水,吹风机,灭火器","机场,公交站,美食街,小吃街,便利店,商场,银行,医院,西北工业大学,西安交通大学,电影院",4.2,19,575.55,"近景点,新房特惠,商务出差",中式古典,特色民居,8,2025-04-06 14:28:25.984278
123,长安温馨家庭房,高新区丈八路140号,高新区,103.13,3,5,5,"停车位,电视,WiFi,电梯,微波炉,洗漱用品,拖鞋,24小时热水,吹风机,独立卫浴,浴巾毛巾,监控","公交站,地铁站,高铁站,美食街,便利店,药店,医院,高新软件园,公园",4.7,37,898.1,"拍照打卡,高端品质,新房特惠",中式古典,温馨家庭房,1,2025-04-06 14:28:25.984280
124,特色民居·西安之家,雁塔区丈八路3号,雁塔区,148.33,2,3,3,"冰箱,停车位,空调,洗衣机,电梯,WiFi,微波炉,热水器,电视,24小时热水,拖鞋,洗漱用品,独立卫浴,游戏机,桌游,保安,灭火器,监控,智能门锁,急救包","机场,高铁站,餐厅,商场,超市,公园,电影院,陕西历史博物馆",4.4,98,595.61,"高端品质,近景点,亲子游玩",北欧风,特色民居,7,2025-04-06 14:28:25.984281
125,整套公寓·西安公寓,长安区太乙宫56号中海环宇城19栋6单元1587室,长安区,40.44,3,6,12,"电视,空调,洗衣机,微波炉,停车位,厨房,电磁炉,餐具,电热水壶,烤箱,独立卫浴,24小时热水,浴巾毛巾,吹风机,拖鞋,保安,灭火器,急救包","机场,公交站,美食街,咖啡厅,便利店,夜市,银行,警察局,西安电子科技大学长安校区,华清宫,博物馆",3.9,51,334.2,"亲子游玩,新房特惠,经济实惠",日式和风,整套公寓,1,2025-04-06 14:28:25.984283
126,长安复式loft,未央区辛王路22号绿地世纪城25栋1单元1545室,未央区,103.6,4,7,7,"停车位,电梯,洗衣机,WiFi,冰箱,微波炉,拖鞋,24小时热水,吹风机,独立卫浴,洗漱用品,监控,急救包","机场,公交站,高铁站,小吃街,商场,电影院",3.9,32,547.22,"情侣首选,经济实惠,亲子游玩",北欧风,复式loft,2,2025-04-06 14:28:25.984284
127,大唐特色民居,灞桥区十里铺33号绿地世纪城11栋1单元563室,灞桥区,95.63,4,8,9,"WiFi,微波炉,电梯,热水器,电视,电磁炉,厨房,烤箱,洗漱用品,独立卫浴,24小时热水,灭火器,监控,智能门锁,急救包,保安","高铁站,公交站,地铁站,咖啡厅,便利店,医院,西安纺织城,健身房",3.7,34,411.74,"家庭出游,安静舒适,近景点",地中海风,特色民居,4,2025-04-06 14:28:25.984286
128,复式loft·古城居,新城区金花路184号首创国际城19栋3单元903室,新城区,144.92,3,6,12,"冰箱,电视,空调,电梯,微波炉,WiFi,拖鞋,24小时热水,洗漱用品,独立卫浴,吹风机,浴巾毛巾,游戏机,图书,监控,智能门锁,保安,急救包","地铁站,高铁站,咖啡厅,小吃街,便利店,超市,药店,景点",4.7,14,611.22,"度假休闲,临近地铁,亲子游玩",轻奢风,复式loft,3,2025-04-06 14:28:25.984287
129,丝路商务套房,长安区华清路117号融创城13栋3单元1045室,长安区,127.2,3,6,11,"电梯,冰箱,电视,WiFi,热水器,停车位,空调,咖啡机,浴巾毛巾,独立卫浴,洗漱用品,吹风机,保安","机场,小吃街,夜市,警察局,公园,健身房,骊山",4.1,55,390.39,"情侣首选,亲子游玩,家庭出游",复古怀旧,商务套房,4,2025-04-06 14:28:25.984289
130,未央区商务套房,未央区凤城路164号万科城市花园29栋5单元743室,未央区,105.88,1,1,2,"热水器,电梯,冰箱,微波炉,24小时热水,独立卫浴,吹风机,灭火器","机场,公交站,小吃街,美食街,商场,汉长安城遗址,健身房",3.6,43,182.34,"近景点,度假休闲,商务出差",北欧风,商务套房,2,2025-04-06 14:28:25.984290
131,莲湖区复式loft,莲湖区红庙坡135号,莲湖区,116.1,4,4,8,"冰箱,热水器,洗衣机,空调,微波炉,电视,WiFi,电梯,咖啡机,电热水壶,电磁炉,餐具,烤箱,24小时热水,浴巾毛巾,独立卫浴,桌游,智能门锁,急救包,灭火器,监控,保安","公交站,美食街,咖啡厅,商场,便利店,大观园",4.1,49,942.85,"聚会派对,特色花园,亲子游玩",中式古典,复式loft,1,2025-04-06 14:28:25.984292
132,丝路度假别墅,莲湖区桃园路53号高新水晶城1栋2单元2418室,莲湖区,98.02,1,1,2,"热水器,冰箱,电梯,洗衣机,空调,厨房,电磁炉,餐具,咖啡机,电热水壶,洗漱用品,24小时热水,拖鞋,吹风机,浴巾毛巾,独立卫浴,智能门锁,保安,监控","机场,高铁站,公交站,咖啡厅,商场,西安火车站,大观园,电影院",4.7,39,752.97,"亲子游玩,新房特惠,拍照打卡",新中式,度假别墅,4,2025-04-06 14:28:25.984293
133,丝路精品单间,碑林区南大街10号金地铂悦14栋5单元761室,碑林区,65.64,2,2,3,"空调,电视,冰箱,停车位,洗衣机,微波炉,拖鞋,24小时热水,浴巾毛巾,洗漱用品,监控,智能门锁,保安,灭火器,急救包","机场,地铁站,公交站,高铁站,美食街,夜市,健身房,西安城墙",4.1,29,680.33,"亲子游玩,新房特惠,拍照打卡",轻奢风,精品单间,9,2025-04-06 14:28:25.984295
134,丝路复式loft,雁塔区丈八路87号盛龙广场16栋4单元2272室,雁塔区,128.92,2,4,5,"微波炉,热水器,冰箱,电视,WiFi,停车位,餐具,电热水壶,电磁炉,烤箱,浴巾毛巾,洗漱用品,独立卫浴,麻将机,智能门锁,急救包,灭火器","公交站,高铁站,地铁站,机场,咖啡厅,餐厅,超市,商场,大唐芙蓉园,陕西历史博物馆",4.7,45,517.13,"临近地铁,聚会派对,高端品质",北欧风,复式loft,10,2025-04-06 14:28:25.984296
135,大唐工业风公寓,莲湖区莲湖路1号,莲湖区,49.59,3,5,10,"电视,微波炉,WiFi,冰箱,热水器,电梯,洗衣机,空调,咖啡机,厨房,电热水壶,烤箱,24小时热水,拖鞋,浴巾毛巾,吹风机,独立卫浴,洗漱用品,图书,麻将机,灭火器","公交站,地铁站,机场,咖啡厅,超市,便利店,西安北站",4.5,12,875.0,"家庭出游,新房特惠,特色花园",工业风,精品单间,9,2025-04-06 14:28:25.984298
136,西安商务套房,灞桥区纺织城188号首创国际城24栋2单元2265室,灞桥区,132.57,4,6,11,"电视,微波炉,热水器,停车位,空调,洗衣机,吹风机,拖鞋,独立卫浴,洗漱用品,灭火器,急救包","公交站,咖啡厅,小吃街,超市,西安纺织城,公园",4.6,48,815.8,"亲子游玩,临近地铁,特色花园",地中海风,商务套房,7,2025-04-06 14:28:25.984299
137,高新区温馨家庭房,高新区唐延路8号保利花园15栋1单元2258室,高新区,113.99,2,4,7,"停车位,冰箱,WiFi,洗衣机,电视,微波炉,咖啡机,餐具,24小时热水,浴巾毛巾,洗漱用品,吹风机,独立卫浴,拖鞋,桌游,灭火器,智能门锁,保安,急救包,监控","地铁站,高铁站,机场,咖啡厅,餐厅,夜市,高新软件园",3.9,97,413.36,"商务出差,特色花园,高端品质",美式乡村,温馨家庭房,4,2025-04-06 14:28:25.984301
138,大唐新中式客栈,莲湖区北关正街185号盛龙广场28栋3单元1438室,莲湖区,109.25,2,3,3,"空调,洗衣机,WiFi,电视,冰箱,电梯,停车位,浴巾毛巾,24小时热水,吹风机,独立卫浴,游戏机,桌游,监控,保安,灭火器,智能门锁","公交站,地铁站,高铁站,机场,小吃街,美食街,夜市,超市,银行,警察局,西安北站,西安火车站",3.8,17,648.45,"亲子游玩,临近地铁,度假休闲",新中式,精品单间,1,2025-04-06 14:28:25.984302
139,丝路特色民居,莲湖区汉城路12号枫林绿洲27栋5单元1229室,莲湖区,144.33,2,2,4,"微波炉,热水器,冰箱,WiFi,厨房,电磁炉,烤箱,餐具,电热水壶,咖啡机,24小时热水,拖鞋,独立卫浴,浴巾毛巾,吹风机,洗漱用品,保安,监控","高铁站,餐厅,超市,药店,医院,博物馆,大观园,莲湖公园",4.3,91,645.96,"家庭出游,亲子游玩,高端品质",美式乡村,特色民居,4,2025-04-06 14:28:25.984304
140,西安整套公寓,长安区华清路120号,长安区,71.97,4,7,10,"热水器,停车位,微波炉,洗衣机,电梯,空调,24小时热水,拖鞋,吹风机,浴巾毛巾,图书,保安,监控,智能门锁,急救包,灭火器","地铁站,美食街,咖啡厅,便利店,华清宫",4.1,80,341.21,"近景点,情侣首选,家庭出游",中式古典,整套公寓,9,2025-04-06 14:28:25.984306
141,大唐轻奢风之家,新城区建强路69号融创城23栋1单元1750室,新城区,143.06,2,4,4,"电梯,停车位,WiFi,微波炉,冰箱,热水器,电视,空调,电热水壶,烤箱,电磁炉,咖啡机,厨房,吹风机,独立卫浴,24小时热水,智能门锁,灭火器,急救包,监控","高铁站,小吃街,超市,夜市,公园",4.3,2,544.56,"聚会派对,情侣首选,近景点",轻奢风,古风客栈,7,2025-04-06 14:28:25.984307
142,长安精品单间,长安区滦镇198号金地铂悦25栋1单元2232室,长安区,120.09,1,2,3,"热水器,微波炉,冰箱,停车位,洗衣机,烤箱,厨房,咖啡机,电磁炉,24小时热水,独立卫浴,拖鞋,吹风机,浴巾毛巾,急救包","地铁站,机场,餐厅,商场,华清宫,博物馆,骊山",4.2,66,416.67,"安静舒适,家庭出游,新房特惠",美式乡村,精品单间,3,2025-04-06 14:28:25.984309
143,特色民居·大唐公寓,未央区辛王路116号,未央区,87.68,2,4,8,"洗衣机,停车位,热水器,电梯,电视,微波炉,WiFi,电磁炉,烤箱,厨房,电热水壶,洗漱用品,独立卫浴,24小时热水,浴巾毛巾,吹风机,拖鞋,监控,保安,智能门锁","高铁站,公交站,咖啡厅,超市,便利店,医院,健身房,西安北客站",4.8,41,788.98,"特色花园,情侣首选,新房特惠",中式古典,特色民居,5,2025-04-06 14:28:25.984310
144,大唐现代公寓,莲湖区莲湖路82号中海环宇城11栋2单元1866室,莲湖区,133.92,1,2,4,"停车位,热水器,空调,WiFi,咖啡机,拖鞋,独立卫浴,24小时热水,麻将机,桌游,保安,急救包","公交站,地铁站,机场,高铁站,餐厅,咖啡厅,超市,商场,博物馆",4.2,85,695.83,"情侣首选,亲子游玩,商务出差",日式和风,现代公寓,9,2025-04-06 14:28:25.984312
145,复式loft·古城民宿,莲湖区红庙坡155号恒大城7栋1单元2214室,莲湖区,108.91,2,2,3,"停车位,WiFi,电视,洗衣机,冰箱,电梯,咖啡机,电磁炉,电热水壶,浴巾毛巾,洗漱用品,吹风机,独立卫浴,拖鞋,灭火器,急救包,监控,保安,智能门锁","机场,地铁站,小吃街,超市,医院,西安火车站,电影院,莲湖公园",4.2,81,482.87,"度假休闲,高端品质,情侣首选",北欧风,复式loft,10,2025-04-06 14:28:25.984313
146,古城复式loft,灞桥区灞桥路125号中海环宇城1栋4单元614室,灞桥区,64.8,1,1,1,"微波炉,洗衣机,停车位,电梯,空调,WiFi,热水器,冰箱,电视,独立卫浴,拖鞋,吹风机,图书,监控,急救包","公交站,机场,地铁站,小吃街,美食街,超市,西安纺织城,灞河",4.7,11,361.22,"家庭出游,亲子游玩,经济实惠",日式和风,复式loft,8,2025-04-06 14:28:25.984315
147,丝路温馨家庭房,高新区锦业路97号保利花园10栋2单元238室,高新区,107.57,3,3,6,"停车位,冰箱,电视,电梯,24小时热水,吹风机,浴巾毛巾,洗漱用品,灭火器,监控,急救包","地铁站,高铁站,公交站,美食街,咖啡厅,商场,夜市,西安交通大学",0.0,0,494.6,"安静舒适,家庭出游,经济实惠",工业风,温馨家庭房,4,2025-04-06 14:28:25.984316
148,精品单间·大唐之家,新城区金花路89号碧桂园11栋6单元360室,新城区,93.81,4,5,9,"洗衣机,停车位,冰箱,空调,WiFi,热水器,电梯,微波炉,拖鞋,24小时热水,洗漱用品,吹风机,保安,监控,智能门锁,灭火器","高铁站,地铁站,小吃街,超市,景点",3.8,95,313.52,"情侣首选,近景点,高端品质",日式和风,精品单间,2,2025-04-06 14:28:25.984318
149,古城现代公寓,高新区高新一路40号绿地世纪城4栋5单元1435室,高新区,124.3,4,5,10,"热水器,冰箱,电视,微波炉,WiFi,烤箱,厨房,咖啡机,电磁炉,吹风机,拖鞋,24小时热水,监控,智能门锁","公交站,地铁站,高铁站,小吃街,商场,夜市,医院,健身房",4.0,44,577.35,"近景点,临近地铁,高端品质",新中式,现代公寓,10,2025-04-06 14:28:25.984319
150,古城现代简约客栈,新城区幸福路137号,新城区,128.25,2,3,4,"停车位,空调,微波炉,电视,WiFi,24小时热水,浴巾毛巾,吹风机,独立卫浴,拖鞋,图书,麻将机,保安,急救包,灭火器,智能门锁,监控","高铁站,餐厅,便利店,银行,新城广场,公园",4.3,55,768.54,"家庭出游,新房特惠,商务出差",现代简约,温馨家庭房,6,2025-04-06 14:28:25.984321
151,长安工业风小屋,灞桥区灞河西路7号万达广场5栋6单元1609室,灞桥区,110.93,2,3,3,"洗衣机,冰箱,空调,停车位,电热水壶,电磁炉,餐具,厨房,拖鞋,吹风机,独立卫浴,洗漱用品,24小时热水,急救包,智能门锁,监控,保安","高铁站,公交站,机场,餐厅,商场,警察局,医院,电影院,西安世博园",4.3,50,713.21,"经济实惠,拍照打卡,长租优惠",工业风,温馨家庭房,2,2025-04-06 14:28:25.984322
152,长安现代公寓,长安区滦镇66号太阳城11栋3单元1568室,长安区,93.44,1,1,2,"冰箱,热水器,空调,WiFi,电热水壶,厨房,浴巾毛巾,洗漱用品,吹风机,拖鞋,24小时热水,灭火器,保安","地铁站,小吃街,便利店,警察局,银行,博物馆",4.2,86,430.93,"特色花园,拍照打卡,度假休闲",新中式,现代公寓,6,2025-04-06 14:28:25.984324
153,大唐美式乡村居,碑林区友谊路9号曲江公馆26栋5单元718室,碑林区,72.32,2,3,6,"洗衣机,WiFi,空调,电梯,停车位,吹风机,拖鞋,24小时热水,独立卫浴,洗漱用品,浴巾毛巾,游戏机,桌游,灭火器,保安,智能门锁,监控","地铁站,公交站,机场,高铁站,美食街,便利店,夜市,银行,博物馆",4.3,66,782.57,"临近地铁,度假休闲,家庭出游",美式乡村,特色民居,8,2025-04-06 14:28:25.984325
154,花园洋房·长安之家,碑林区东大街103号保利花园10栋2单元2221室,碑林区,87.15,1,2,3,"电梯,洗衣机,微波炉,停车位,空调,WiFi,电视,独立卫浴,浴巾毛巾,吹风机,拖鞋,洗漱用品,24小时热水,急救包,灭火器,保安,监控,智能门锁","公交站,机场,地铁站,餐厅,咖啡厅,超市,鼓楼",4.4,40,728.45,"特色花园,近景点,高端品质",中式古典,花园洋房,6,2025-04-06 14:28:25.984327
155,特色民居·西安舍,高新区唐延路43号高新水晶城27栋5单元998室,高新区,87.78,2,2,4,"停车位,空调,微波炉,电梯,洗衣机,电视,餐具,洗漱用品,吹风机,24小时热水,图书,桌游,急救包,灭火器,智能门锁,监控,保安","高铁站,公交站,地铁站,机场,餐厅,便利店,健身房,高新软件园",4.4,90,821.9,"拍照打卡,安静舒适,聚会派对",轻奢风,特色民居,8,2025-04-06 14:28:25.984328
156,西安复式loft,莲湖区大庆路38号融创城28栋1单元2422室,莲湖区,114.93,4,5,5,"停车位,电梯,空调,电视,洗衣机,热水器,洗漱用品,24小时热水,独立卫浴,麻将机,保安,智能门锁","公交站,机场,高铁站,地铁站,咖啡厅,商场,电影院",4.5,80,744.59,"拍照打卡,高端品质,情侣首选",新中式,复式loft,10,2025-04-06 14:28:25.984330
157,雁塔区轻奢风之家,雁塔区翠华路25号华润万象城18栋6单元1940室,雁塔区,61.3,1,1,2,"电梯,WiFi,微波炉,冰箱,电视,空调,热水器,洗衣机,停车位,独立卫浴,24小时热水,浴巾毛巾,智能门锁,保安,急救包,监控,灭火器","高铁站,机场,地铁站,公交站,咖啡厅,便利店,药店,警察局,健身房,大唐芙蓉园,陕西历史博物馆",4.7,77,685.01,"度假休闲,家庭出游,拍照打卡",轻奢风,整套公寓,6,2025-04-06 14:28:25.984331
158,丝路商务套房,灞桥区纺织城37号融创城9栋6单元1221室,灞桥区,126.47,3,5,8,"微波炉,洗衣机,冰箱,停车位,空调,热水器,电梯,WiFi,咖啡机,电磁炉,电热水壶,烤箱,餐具,拖鞋,24小时热水,吹风机,洗漱用品,浴巾毛巾,桌游,游戏机,保安,监控,急救包","机场,美食街,餐厅,便利店,银行,博物馆,景点",4.4,57,507.63,"长租优惠,度假休闲,高端品质",美式乡村,商务套房,5,2025-04-06 14:28:25.984333
159,商务套房·古城客栈,未央区未央路103号枫林绿洲8栋1单元316室,未央区,32.22,3,5,6,"微波炉,洗衣机,停车位,电视,空调,冰箱,WiFi,洗漱用品,拖鞋,浴巾毛巾,吹风机,独立卫浴,24小时热水,游戏机,灭火器","地铁站,咖啡厅,餐厅,商场,夜市,大明宫遗址,电影院,汉长安城遗址",3.9,92,340.14,"特色花园,新房特惠,度假休闲",北欧风,商务套房,6,2025-04-06 14:28:25.984334
160,特色民居·古城公寓,碑林区东大街141号保利花园29栋4单元2548室,碑林区,148.01,1,1,2,"微波炉,停车位,热水器,洗衣机,冰箱,电热水壶,电磁炉,咖啡机,厨房,浴巾毛巾,24小时热水,拖鞋,洗漱用品,吹风机,图书,智能门锁,急救包,保安,监控,灭火器","高铁站,公交站,地铁站,美食街,超市,便利店,银行,药店,书院门,钟楼,大唐不夜城",4.2,73,702.88,"聚会派对,经济实惠,长租优惠",日式和风,特色民居,10,2025-04-06 14:28:25.984336
161,古城复古怀旧客栈,未央区渭滨路69号高新水晶城20栋1单元1297室,未央区,100.37,4,5,7,"停车位,洗衣机,微波炉,冰箱,空调,WiFi,热水器,电梯,电热水壶,厨房,洗漱用品,拖鞋,24小时热水,吹风机,图书,游戏机,保安,灭火器,急救包","高铁站,公交站,机场,小吃街,超市,银行,警察局,汉长安城遗址,西安北客站",4.0,55,596.97,"亲子游玩,聚会派对,高端品质",复古怀旧,度假别墅,5,2025-04-06 14:28:25.984338
162,度假别墅·西安舍,雁塔区电子城141号曲江公馆14栋4单元1618室,雁塔区,120.13,3,3,5,"WiFi,洗衣机,微波炉,热水器,电磁炉,独立卫浴,24小时热水,吹风机,拖鞋,浴巾毛巾,洗漱用品,监控,急救包,保安,智能门锁,灭火器","机场,地铁站,公交站,咖啡厅,商场,公园,电影院,陕西历史博物馆",3.7,60,428.42,"安静舒适,聚会派对,长租优惠",日式和风,度假别墅,7,2025-04-06 14:28:25.984339
163,高新区温馨家庭房,高新区唐延路25号恒大城26栋5单元435室,高新区,127.26,4,6,6,"冰箱,WiFi,微波炉,电梯,停车位,电视,咖啡机,24小时热水,浴巾毛巾,吹风机,独立卫浴,洗漱用品,灭火器,监控","公交站,小吃街,美食街,便利店,银行,医院,健身房,博物馆",4.3,78,929.56,"近景点,亲子游玩,商务出差",复古怀旧,温馨家庭房,10,2025-04-06 14:28:25.984341
164,大唐商务套房,碑林区柏树林124号太阳城18栋5单元1522室,碑林区,149.16,3,6,8,"停车位,电梯,洗衣机,微波炉,空调,热水器,WiFi,冰箱,浴巾毛巾,吹风机,洗漱用品,24小时热水,拖鞋,独立卫浴,急救包,监控","高铁站,咖啡厅,小吃街,夜市,药店,大唐不夜城,电影院,书院门",4.7,51,1094.66,"家庭出游,度假休闲,情侣首选",复古怀旧,商务套房,7,2025-04-06 14:28:25.984342
165,花园洋房·古城小屋,灞桥区十里铺3号,灞桥区,68.43,2,2,3,"电梯,WiFi,空调,电视,微波炉,热水器,洗衣机,冰箱,停车位,浴巾毛巾,独立卫浴,拖鞋,吹风机,监控,保安,急救包","高铁站,公交站,地铁站,机场,小吃街,便利店,商场,博物馆",4.1,54,286.9,"长租优惠,亲子游玩,情侣首选",轻奢风,花园洋房,9,2025-04-06 14:28:25.984344
166,碑林区精品单间,碑林区柏树林178号太阳城5栋6单元2496室,碑林区,92.01,4,6,11,"停车位,微波炉,洗衣机,空调,热水器,咖啡机,电热水壶,餐具,浴巾毛巾,独立卫浴,拖鞋,吹风机,24小时热水,洗漱用品,监控,急救包,保安","地铁站,公交站,高铁站,咖啡厅,美食街,商场,景点,回民街,鼓楼",4.3,60,1157.53,"聚会派对,临近地铁,情侣首选",轻奢风,精品单间,3,2025-04-06 14:28:25.984345
167,温馨家庭房·西安客栈,莲湖区枣园路160号华润万象城23栋1单元224室,莲湖区,31.92,1,2,3,"热水器,电梯,冰箱,微波炉,餐具,厨房,烤箱,咖啡机,24小时热水,独立卫浴,浴巾毛巾,吹风机,拖鞋,洗漱用品,保安","地铁站,小吃街,商场,便利店,医院,警察局,景点,公园",4.5,51,402.75,"临近地铁,高端品质,情侣首选",中式古典,温馨家庭房,3,2025-04-06 14:28:25.984347
168,古城新中式之家,莲湖区大庆路116号紫薇花园29栋4单元1284室,莲湖区,48.66,2,2,3,"冰箱,空调,电视,WiFi,烤箱,独立卫浴,浴巾毛巾,拖鞋,吹风机,洗漱用品,24小时热水,桌游,保安,监控,智能门锁,急救包,灭火器","高铁站,机场,美食街,咖啡厅,夜市,商场,西安城墙,景点",4.3,83,682.36,"亲子游玩,商务出差,安静舒适",新中式,商务套房,1,2025-04-06 14:28:25.984348
169,灞桥区现代公寓,灞桥区浐河东路28号高新水晶城2栋4单元296室,灞桥区,92.2,1,1,1,"冰箱,停车位,热水器,洗衣机,微波炉,吹风机,独立卫浴,拖鞋,24小时热水,浴巾毛巾,洗漱用品,智能门锁,急救包,保安,监控,灭火器","高铁站,机场,公交站,地铁站,咖啡厅,商场,公园,博物馆,景点",4.4,6,365.49,"近景点,拍照打卡,高端品质",现代简约,现代公寓,5,2025-04-06 14:28:25.984350
170,古城地中海风客栈,灞桥区纺东街93号首创国际城13栋1单元1795室,灞桥区,146.98,2,3,6,"电梯,冰箱,微波炉,电视,洗衣机,浴巾毛巾,吹风机,洗漱用品,麻将机,桌游,急救包,保安,监控,智能门锁","高铁站,地铁站,公交站,美食街,小吃街,夜市,医院,电影院,灞河",4.1,37,543.56,"亲子游玩,临近地铁,情侣首选",地中海风,精品单间,10,2025-04-06 14:28:25.984351
171,古城特色民居,未央区渭滨路58号,未央区,70.7,3,4,5,"空调,电梯,停车位,冰箱,热水器,WiFi,洗衣机,24小时热水,洗漱用品,吹风机,拖鞋,灭火器,监控,保安,急救包,智能门锁","公交站,餐厅,咖啡厅,商场,超市,博物馆,西安国际港务区,公园",4.5,7,440.57,"特色花园,高端品质,家庭出游",中式古典,特色民居,3,2025-04-06 14:28:25.984353
172,复式loft·古城客栈,长安区郭杜131号万达广场5栋6单元177室,长安区,144.25,4,5,10,"空调,电梯,WiFi,冰箱,停车位,电视,洗衣机,微波炉,热水器,餐具,烤箱,厨房,电热水壶,咖啡机,电磁炉,拖鞋,浴巾毛巾,24小时热水,洗漱用品,吹风机,保安","地铁站,公交站,机场,美食街,小吃街,便利店,商场,医院,药店,华清宫,电影院,博物馆",4.1,48,402.95,"聚会派对,拍照打卡,亲子游玩",轻奢风,复式loft,6,2025-04-06 14:28:25.984354
173,西安工业风公寓,碑林区南院门118号中海环宇城23栋5单元2483室,碑林区,65.27,1,2,2,"热水器,空调,WiFi,冰箱,电梯,电视,微波炉,咖啡机,厨房,独立卫浴,洗漱用品,拖鞋,麻将机,桌游,监控,急救包,灭火器","高铁站,地铁站,机场,小吃街,便利店,商场,回民街",4.1,95,508.95,"亲子游玩,安静舒适,临近地铁",工业风,度假别墅,6,2025-04-06 14:28:25.984356
174,未央区花园洋房,未央区太华路150号恒大城30栋2单元890室,未央区,126.55,1,1,2,"空调,WiFi,电视,热水器,洗衣机,冰箱,微波炉,电梯,停车位,咖啡机,烤箱,餐具,厨房,电磁炉,拖鞋,洗漱用品,浴巾毛巾,保安,监控","地铁站,机场,餐厅,商场,西安北客站,汉长安城遗址",4.3,20,762.89,"经济实惠,长租优惠,家庭出游",中式古典,花园洋房,8,2025-04-06 14:28:25.984357
175,花园洋房·长安舍,高新区锦业路186号碧桂园5栋1单元1797室,高新区,76.82,1,2,3,"冰箱,空调,热水器,微波炉,电视,停车位,电梯,WiFi,电热水壶,烤箱,拖鞋,独立卫浴,洗漱用品,24小时热水,浴巾毛巾,图书,智能门锁","机场,餐厅,夜市,超市,丝路风情街,西北工业大学",4.3,24,501.73,"长租优惠,安静舒适,商务出差",北欧风,花园洋房,1,2025-04-06 14:28:25.984359
176,长安区度假别墅,长安区太乙宫102号太阳城5栋1单元1890室,长安区,112.02,3,6,9,"热水器,微波炉,电梯,WiFi,冰箱,空调,电视,咖啡机,厨房,餐具,电磁炉,烤箱,拖鞋,浴巾毛巾,吹风机,保安,灭火器,急救包,智能门锁","地铁站,机场,公交站,高铁站,小吃街,咖啡厅,夜市,骊山,博物馆,西北大学长安校区",4.1,5,583.93,"近景点,安静舒适,特色花园",工业风,度假别墅,8,2025-04-06 14:28:25.984360
177,丝路特色民居,雁塔区高新路89号,雁塔区,49.48,1,2,2,"停车位,电梯,WiFi,微波炉,冰箱,电视,热水器,空调,洗衣机,电磁炉,洗漱用品,独立卫浴,吹风机,24小时热水,急救包,智能门锁,监控","公交站,地铁站,餐厅,美食街,夜市,警察局,公园,健身房,大雁塔",4.5,24,487.46,"亲子游玩,拍照打卡,安静舒适",现代简约,特色民居,9,2025-04-06 14:28:25.984362
178,古城特色民居,灞桥区十里铺169号万达广场27栋2单元1657室,灞桥区,78.34,4,6,12,"WiFi,冰箱,停车位,空调,洗衣机,厨房,烤箱,餐具,电热水壶,电磁炉,咖啡机,24小时热水,吹风机,独立卫浴,浴巾毛巾,监控,急救包,保安,智能门锁","公交站,高铁站,地铁站,咖啡厅,夜市,便利店,浐灞生态区",4.4,62,589.85,"度假休闲,情侣首选,家庭出游",现代简约,特色民居,2,2025-04-06 14:28:25.984363
179,长安北欧风居,新城区胡家庙196号恒大城13栋2单元1997室,新城区,149.54,2,3,5,"洗衣机,电梯,微波炉,热水器,空调,停车位,冰箱,WiFi,电视,电磁炉,电热水壶,咖啡机,吹风机,拖鞋,24小时热水,独立卫浴,浴巾毛巾,洗漱用品,监控,急救包,保安,智能门锁,灭火器","高铁站,公交站,小吃街,便利店,夜市,药店,警察局,健身房,博物馆",4.9,13,1380.4,"近景点,临近地铁,度假休闲",北欧风,度假别墅,2,2025-04-06 14:28:25.984365
180,长安区商务套房,长安区大学城25号首创国际城12栋5单元2396室,长安区,72.94,1,2,3,"冰箱,电视,停车位,电梯,空调,微波炉,热水器,洗衣机,WiFi,餐具,厨房,电热水壶,烤箱,咖啡机,吹风机,拖鞋,洗漱用品,智能门锁,急救包,保安,监控,灭火器","机场,地铁站,高铁站,美食街,咖啡厅,夜市,便利店,景点",4.5,79,494.28,"高端品质,近景点,度假休闲",美式乡村,商务套房,8,2025-04-06 14:28:25.984366
181,大唐特色民居,莲湖区桃园路27号龙湖小区2栋1单元677室,莲湖区,97.27,2,2,4,"电梯,停车位,冰箱,微波炉,烤箱,电热水壶,厨房,餐具,咖啡机,浴巾毛巾,24小时热水,独立卫浴,洗漱用品,吹风机,图书,智能门锁,急救包,保安,监控","公交站,咖啡厅,夜市,银行,警察局,景点,西安火车站,健身房",3.6,32,683.39,"近景点,新房特惠,商务出差",轻奢风,特色民居,2,2025-04-06 14:28:25.984368
182,大唐整套公寓,高新区高新一路19号保利花园8栋4单元553室,高新区,37.51,1,1,1,"WiFi,冰箱,微波炉,热水器,洗衣机,空调,电梯,停车位,厨房,电热水壶,电磁炉,餐具,吹风机,拖鞋,24小时热水,独立卫浴,洗漱用品,智能门锁,保安,灭火器,急救包","机场,高铁站,公交站,美食街,咖啡厅,超市,夜市,博物馆,健身房",0.0,0,499.93,"长租优惠,特色花园,高端品质",新中式,整套公寓,10,2025-04-06 14:28:25.984371
183,雁塔区工业风居,雁塔区电子城70号太阳城16栋1单元2283室,雁塔区,119.85,4,5,6,"电视,WiFi,停车位,冰箱,空调,微波炉,热水器,电梯,洗衣机,拖鞋,独立卫浴,吹风机,游戏机,监控,急救包,保安","公交站,高铁站,地铁站,美食街,餐厅,夜市,医院,景点",4.4,53,911.29,"安静舒适,长租优惠,临近地铁",工业风,花园洋房,2,2025-04-06 14:28:25.984372
184,丝路花园洋房,莲湖区莲湖路167号曲江公馆9栋4单元2337室,莲湖区,56.36,3,3,5,"电梯,热水器,停车位,空调,电视,吹风机,独立卫浴,浴巾毛巾,24小时热水,拖鞋,洗漱用品,监控,智能门锁,灭火器","机场,小吃街,商场,西安北站,博物馆,健身房",4.1,76,737.29,"特色花园,度假休闲,长租优惠",新中式,花园洋房,2,2025-04-06 14:28:25.984374
185,现代公寓·未央区居,未央区北二环54号紫薇花园20栋5单元2322室,未央区,100.94,1,2,2,"洗衣机,电梯,空调,微波炉,热水器,冰箱,停车位,WiFi,厨房,烤箱,电热水壶,电磁炉,餐具,洗漱用品,独立卫浴,拖鞋,吹风机,灭火器,智能门锁,保安","高铁站,公交站,咖啡厅,小吃街,夜市,警察局,药店,西安北客站",4.4,18,350.27,"聚会派对,家庭出游,安静舒适",日式和风,现代公寓,4,2025-04-06 14:28:25.984375
186,长安度假别墅,长安区神禾原143号绿地世纪城19栋6单元1323室,长安区,35.5,3,4,7,"热水器,电梯,微波炉,空调,洗衣机,电视,WiFi,停车位,冰箱,电磁炉,厨房,电热水壶,餐具,烤箱,拖鞋,独立卫浴,吹风机,浴巾毛巾,24小时热水,洗漱用品,游戏机,麻将机,保安","机场,高铁站,公交站,地铁站,咖啡厅,超市,西北大学长安校区,华清宫,秦始皇兵马俑",4.2,64,583.47,"商务出差,长租优惠,安静舒适",轻奢风,度假别墅,4,2025-04-06 14:28:25.984377
187,古城工业风居,长安区郭杜136号高新水晶城5栋2单元1433室,长安区,147.13,2,3,6,"WiFi,热水器,电视,空调,微波炉,停车位,洗衣机,电梯,电磁炉,浴巾毛巾,24小时热水,独立卫浴,图书,桌游,急救包,监控,灭火器,保安","地铁站,高铁站,机场,公交站,美食街,餐厅,便利店,药店,警察局,健身房,骊山,公园",3.9,13,254.74,"家庭出游,临近地铁,安静舒适",工业风,复式loft,1,2025-04-06 14:28:25.984378
188,新城区现代简约客栈,新城区幸福路92号金地铂悦1栋2单元1769室,新城区,148.11,1,2,2,"热水器,空调,洗衣机,停车位,电视,电热水壶,餐具,电磁炉,咖啡机,烤箱,24小时热水,吹风机,独立卫浴,洗漱用品,监控,灭火器,智能门锁,急救包","公交站,地铁站,咖啡厅,商场,夜市,新城广场,电影院,景点",4.4,77,707.77,"亲子游玩,家庭出游,商务出差",现代简约,花园洋房,3,2025-04-06 14:28:25.984380
189,灞桥区北欧风公寓,灞桥区浐灞路51号金地铂悦20栋4单元433室,灞桥区,98.07,1,2,3,"微波炉,电视,洗衣机,电梯,吹风机,拖鞋,独立卫浴,洗漱用品,游戏机,急救包,灭火器,监控,保安,智能门锁","机场,高铁站,咖啡厅,小吃街,夜市,健身房,灞河",4.3,40,322.0,"亲子游玩,度假休闲,拍照打卡",北欧风,温馨家庭房,5,2025-04-06 14:28:25.984381
190,丝路特色民居,莲湖区西关正街78号恒大城13栋6单元2275室,莲湖区,134.44,2,2,4,"冰箱,洗衣机,电梯,空调,热水器,电视,停车位,微波炉,浴巾毛巾,24小时热水,洗漱用品,吹风机,拖鞋,独立卫浴,桌游,图书,灭火器,监控,急救包,保安,智能门锁","机场,地铁站,咖啡厅,美食街,夜市,商场,医院,银行,健身房,博物馆,大观园",4.3,29,563.59,"临近地铁,长租优惠,情侣首选",新中式,特色民居,7,2025-04-06 14:28:25.984383
191,西安花园洋房,未央区未央路198号中海环宇城21栋5单元509室,未央区,139.73,2,4,5,"停车位,电视,微波炉,电梯,热水器,WiFi,冰箱,空调,洗衣机,电磁炉,厨房,电热水壶,咖啡机,餐具,烤箱,浴巾毛巾,拖鞋,洗漱用品,24小时热水,独立卫浴,吹风机,保安,灭火器,急救包,智能门锁","公交站,机场,高铁站,地铁站,美食街,小吃街,超市,便利店,医院,药店,博物馆",4.1,4,749.1,"安静舒适,亲子游玩,拍照打卡",地中海风,花园洋房,4,2025-04-06 14:28:25.984384
192,商务套房·大唐民宿,未央区渭滨路81号保利花园2栋5单元711室,未央区,136.56,1,2,4,"热水器,空调,冰箱,停车位,WiFi,微波炉,电梯,烤箱,拖鞋,洗漱用品,浴巾毛巾,独立卫浴,24小时热水,吹风机,麻将机,图书,监控,保安,灭火器,智能门锁,急救包","高铁站,公交站,机场,餐厅,小吃街,便利店,医院,银行,博物馆",4.3,47,580.94,"高端品质,拍照打卡,安静舒适",美式乡村,商务套房,3,2025-04-06 14:28:25.984386
193,西安温馨家庭房,灞桥区浐河东路186号盛龙广场8栋1单元1308室,灞桥区,93.23,3,4,7,"冰箱,WiFi,停车位,电梯,热水器,微波炉,电视,咖啡机,电磁炉,餐具,电热水壶,烤箱,厨房,独立卫浴,24小时热水,拖鞋,监控","公交站,机场,地铁站,美食街,超市,银行,西安世博园,健身房,博物馆",4.2,7,511.02,"近景点,特色花园,新房特惠",工业风,温馨家庭房,2,2025-04-06 14:28:25.984387
194,丝路温馨家庭房,灞桥区浐灞路51号紫薇花园25栋6单元1027室,灞桥区,75.13,4,6,8,"微波炉,WiFi,电视,空调,停车位,冰箱,洗衣机,热水器,电梯,24小时热水,吹风机,浴巾毛巾,监控,灭火器,急救包,保安,智能门锁","公交站,高铁站,地铁站,美食街,商场,警察局,银行,博物馆",4.4,15,588.16,"近景点,临近地铁,特色花园",轻奢风,温馨家庭房,1,2025-04-06 14:28:25.984389
195,西安地中海风客栈,高新区科技一路113号华润万象城8栋4单元233室,高新区,93.24,4,8,8,"空调,WiFi,冰箱,停车位,热水器,电视,厨房,咖啡机,电热水壶,餐具,24小时热水,独立卫浴,浴巾毛巾,拖鞋,监控,保安,智能门锁,急救包","机场,地铁站,小吃街,商场,博物馆,丝路风情街,高新软件园",4.7,97,988.04,"家庭出游,聚会派对,高端品质",地中海风,精品单间,7,2025-04-06 14:28:25.984390
196,大唐精品单间,灞桥区纺织城173号,灞桥区,141.54,3,4,6,"冰箱,微波炉,电视,WiFi,电梯,空调,热水器,洗衣机,停车位,咖啡机,厨房,烤箱,拖鞋,独立卫浴,24小时热水,浴巾毛巾,洗漱用品,吹风机,监控,灭火器,急救包,智能门锁","机场,地铁站,公交站,高铁站,美食街,便利店,医院,健身房,公园",4.5,40,450.86,"高端品质,特色花园,度假休闲",复古怀旧,精品单间,9,2025-04-06 14:28:25.984392
197,大唐温馨家庭房,高新区科技一路122号中海环宇城17栋6单元487室,高新区,106.08,1,2,3,"电视,冰箱,空调,停车位,微波炉,洗衣机,WiFi,咖啡机,烤箱,电磁炉,洗漱用品,浴巾毛巾,24小时热水,独立卫浴,拖鞋,麻将机,游戏机,智能门锁,灭火器,监控,保安,急救包","地铁站,公交站,高铁站,小吃街,咖啡厅,夜市,西安交通大学",4.3,90,578.68,"聚会派对,临近地铁,亲子游玩",地中海风,温馨家庭房,8,2025-04-06 14:28:25.984393
198,古城现代简约舍,长安区韦曲102号龙湖小区16栋6单元339室,长安区,43.41,1,1,1,"冰箱,电梯,电视,微波炉,停车位,WiFi,热水器,空调,洗衣机,烤箱,电热水壶,餐具,厨房,咖啡机,24小时热水,浴巾毛巾,拖鞋,监控,灭火器","地铁站,公交站,小吃街,咖啡厅,便利店,超市,医院,西安电子科技大学长安校区",4.1,94,239.03,"长租优惠,新房特惠,高端品质",现代简约,整套公寓,9,2025-04-06 14:28:25.984395
199,丝路温馨家庭房,雁塔区丈八路71号枫林绿洲8栋2单元2539室,雁塔区,81.33,2,4,5,"电视,停车位,洗衣机,WiFi,热水器,冰箱,电热水壶,厨房,餐具,吹风机,拖鞋,洗漱用品,灭火器","机场,高铁站,小吃街,餐厅,夜市,超市,大唐芙蓉园,公园,健身房",4.1,9,719.9,"高端品质,长租优惠,近景点",轻奢风,温馨家庭房,10,2025-04-06 14:28:25.984396
200,长安精品单间,莲湖区枣园路111号龙湖小区4栋5单元655室,莲湖区,69.72,3,3,6,"冰箱,热水器,微波炉,WiFi,停车位,洗漱用品,浴巾毛巾,拖鞋,吹风机,图书,游戏机,灭火器,保安,监控,智能门锁","地铁站,高铁站,公交站,机场,咖啡厅,餐厅,商场,警察局,银行,健身房,电影院,西安城墙",4.2,19,394.87,"商务出差,度假休闲,近景点",美式乡村,精品单间,9,2025-04-06 14:28:25.984398
